Nom;Type;Hyménophore1;Hyménophore2;Chair.Type;Chapeau.Diametre;Chapeau.Forme;Chapeau.Surface;Chapeau.Couleur;Chapeau.Marge;Lames.Attache;Lames.Espace;Lames.Couleur;Spore.Couleur;Pied.Hauteur;Pied.Largeur;Pied.Forme;Pied.Surface;Pied.Couleur;Chair.Couleur;Odeur;VG.Type;VG.Type2;VP.Type;VP.Type2;Habitat;Mois
Agaricus campestris;bon;lames;-;fibreuse;4-10;convexe;lisse, fibrilleux;blanc;enroulé;libre;serrées;rose, [brun];brun, noir;4-6;0.5-1.5;fusiforme;lisse;blanc;blanc;champignon;absent;-;cortine;fragile;herbe;7-11
Agaricus bisporus;bon;lames;-;fibreuse;5-10;convexe, plat;sublisse, squameux;brun, roux;appendiculé;libre;serrées;gris, [brun];brun, noir;3-6;1-2;cylindracé;lisse, fibrilleux, pelucheux;gris, roux;blanc, rose;champignon;absent;-;anneau;mixte;lisiere, terre remuée;8-12
Agaricus subperonatus;mediocre;lames;-;fibreuse;5-12;convexe, plat;squameux;fauve, ocre;appendiculé;libre;serrées;rose, [brun];brun, noir;4-8;1-2.5;cylindracé;lisse;blanc, [roux];blanc;champignon, fruit;absent;-;anneau;fibrilleux;haies, terre remuée;8-11
Agaricus bitorquis;mediocre;lames;-;fibreuse;5-10;convexe;sublisse;blanc, ocre;enroulé;libre;serrées;rose, [brun];brun, noir;5-12;1-3;cylindracé;lisse;blanc;blanc;champignon;absent;-;anneau;double;sols tassés;5-11
Agaricus romagnesii;toxique;lames;inégales;fibreuse;4-7;trapézoïdal;squameux;brun, gris;enroulé;libre;serrées;rose, [noir];brun, noir;5-12;1-2;clavé;rhizoïdes;blanc, brun;blanc;champignon;absent;-;anneau;ample;herbe;6-11
Agaricus variegans;mediocre;lames;-;fibreuse;10;convexe;squameux;blanc, brun;lisse;libre;serrées;gris, [brun];brun, noir;10;1.5;clavé;floconneux;blanc, beige;blanc;caoutchouc;absent;-;anneau;ample;foret, conifere;9-12
Agaricus arvensis;comestible;lames;-;fibreuse;6-20;hémisphérique;soyeux;blanc, jaune, roux;floconneux;libre;serrées;gris, brun;brun, noir;6-12;1.5-3;clavé;lisse;blanc, jaune;blanc;anis;absent;-;anneau;roue dentée;herbe;6-11
Agaricus silvaticus;bon;lames;-;fibreuse;4-10;hémisphérique;squameux;blanc, brun;pelucheuse, lisse;libre;serrées;gris, [brun];brun, noir;5-12;1-1.5 [2];bulbeux;pruineux;gris, [beige];blanc;champignon;absent;-;anneau;fragile;conifere;8-11
Agaricus silvicola;bon;lames;-;fibreuse;10;convexe, [plat];glabre;blanc, jaune, orange;fine, lisse;libre;serrées;rose, [gris], [brun];brun, noir;12;1.5 [2];bulbeux;lisse;blanc, jaune;blanc;anis;absent;-;anneau;roue dentée;feuillu;9-11
Agaricus xanthoderma;toxique;lames;-;fibreuse;5-10;tronconique;soyeux;blanc, jaune;infléchie, irrégulier;libre;serrées;gris, [rose], [brun];brun, noir;6-12;1-2;bulbeux;marginé;jaune;blanc;iode;absent;-;anneau;roue dentée;herbe, lisiere;8-11
Amanita fulva;comestible cuit;lames;crénelées;fibreuse;7 [10];ovoïde, étalé, mamelonné;lisse, viscidule;roux, orange, fauve;obtuse, strié;libre;peu serrées;blanc;blanc;12;1;cylindracé;fibrilleux, floconneux;blanc, roux;blanc;inodore;present;volve;absent;-;foret, feuillu;7-10
Amanita vaginata;comestible cuit;lames;lamelles;fibreuse;4-12 [15];ovoïde, [campanulé];lisse, viscidule;gris;strié;libre;peu serrées;blanc;blanc;10-20;0.5-1.2;cylindracé;pruineux, chiné;blanc;blanc;inodore;present;volve en sac;absent;-;foret;7-10
Amanita crocea;comestible cuit;lames;givrées;fibreuse;6-15;mamelonné;lisse, viscidule;jaune, orange;aigu, cannelé;libre;peu serrées;blanc, jaune;blanc;15-20;1.5-2.5;cylindracé;rayé, chiné;blanc, jaune, orange;blanc, orange;inodore;present;volve;absent;-;foret, feuillu;7-10
Amanita lividopallescens;comestible cuit;lames;inégales;fibreuse;7-15;ovoïde, convexe, étalé, submamelonné;lisse, rugueux;ocre, creme;strié;libre;assez serrées;blanc;blanc;15-20;1-2.5;cylindracé;pelucheux;blanc, gris, jaune;blanc;champignon;present;volve;absent;-;feuillu, charme;4-12
Amanita caesarea;bon;lames;ventrues;fibreuse;10-20;ovoïde, hémisphérique, [convexe];lisse;orange;strié;libre;assez serrées;jaune;blanc;10-15;1.5-3;cylindracé;sublisse;jaune;blanc, jaune;agréable;present;volve filamenteuse;anneau;jaune, pendant;foret;8-10
Amanita muscaria;toxique;lames;lamelles;fibreuse;8-20 [25];hémisphérique, [convexe];floconneux, lisse;rouge, orange;strié;libre;assez serrées;blanc;blanc;10-25;1-4 [6];bulbeux;pelucheux;blanc;blanc;inodore;present;volve friable;anneau;floconneux;foret;7-11
Amanita gemmata;toxique;lames;horizontales;fibreuse;10 [15];convexe, aplati;floconneux, lisse;creme, jaune;strié;libre;très serrées;blanc;blanc;15;3;bulbeux;pelucheux;blanc;blanc;inodore;present;volve;anneau;fragile;feuillu, conifere;7-12
Amanita pantherina;toxique;lames;lamelles;fibreuse;5-10;convexe;floconneux, lisse;brun;strié, cannelé;libre;assez serrées;blanc;blanc;7-10;1-1.5;bulbeux;sublisse;blanc;blanc;inodore;present;volve friable;anneau;membraneux, lisse;feuillu, conifere;7-10
Amanita spissa;bon;lames;lamelles;fibreuse;5-15;convexe, plat;floconneux, lisse;brun;incurvée, lisse;libre;assez serrées;blanc, gris;blanc;8-15;1-3;clavé, subbulbeux;floconneux;blanc, bistre;blanc;rave;present;volve;anneau;strié, blanc;feuillu, conifere;8-10
Amanita rubescens;bon;lames;lamelles;fibreuse;3-15;convexe, aplati, [déprimé];floconneux, lisse;blanc, ocre;lisse;libre;très serrées;blanc;blanc;6-15;1.5-4;subbulbeux;sublisse;blanc, brun;blanc, rose;inodore;present;volve friable;anneau;blanc;feuillu, conifere;8-11
Amanita strobiliformis;bon;lames;ventrues;fibreuse;10-20;convexe, étalé;floconneux, lisse;blanc, [gris];crémeuse;libre;très serrées;blanc, creme;blanc;18-25;2.5-4;bulbeux;sublisse;blanc;blanc;inodore, agréable;present;volve subnulle;anneau;crémeux, fragile;foret, charme, chene;7-10
Amanita ovoidea;mediocre;lames;floconneux;fibreuse;15-30 [40];convexe;lisse;blanc;crémeuse;libre;serrées;blanc;blanc;12-15;2.5-5;bulbeux, radicant;floconneux;blanc;blanc;marée;present;volve en sac;anneau;crémeux, fragile;foret, pre;8-10
Amanita phalloides;Mortel;lames;lamelles;fibreuse;4-15;hémisphérique, étalé, convexe;lisse;vert;lisse, fine;libre;assez serrées;blanc;blanc;5-20;1-3 [5];cylindracé, clavé;sublisse;blanc;blanc;rose fanée;present;volve en sac;anneau;membraneux, blanc;foret, chene;7-10
Amanita phalloides var. alba;Mortel;lames;lamelles;fibreuse;4-15;hémisphérique, étalé, convexe;lisse;blanc;lisse, fine;libre;assez serrées;blanc;blanc;5-20;1-3 [5];cylindracé, clavé;sublisse;blanc;blanc;rose fanée;present;volve en sac;anneau;membraneux, blanc;foret, chene;7-10
Amanita citrina;mediocre;lames;lamelles;fibreuse;5-10;hémisphérique, étalé;floconneux;jaune;incurvée;libre;serrées;blanc;blanc;8-15;1.5-2 [4];bulbeux;sublisse;blanc, jaune;blanc, jaune;pomme de terre;present;volve circoncise;anneau;blanc, jaune, membraneux;foret;7-11
Amanita virosa;Mortel;lames;inégales;fibreuse;3-10;ovoïde, [étalé], [convexe];lisse;blanc;lisse;libre;assez serrées;blanc;blanc;8-15;0.5-1.5;cylindracé, clavé;pelucheux, laineux;blanc;blanc;rose fanée;present;volve en sac;anneau;blanc, floconneux, fragile;foret, conifere, feuillu;7-10
Amanita citrina var. alba;mediocre;lames;lamelles;fibreuse;5-10;hémisphérique, étalé;floconneux;blanc;incurvée;libre;serrées;blanc;blanc;8-15;1.5-2 [4];bulbeux;sublisse;blanc;blanc;pomme de terre;present;volve circoncise;anneau;blanc, membraneux;foret;7-11
Amanita porphyria;mediocre;lames;floconneux;fibreuse;5-10;hémisphérique, [étalé], [convexe];fibrilleux;gris, violet;aigu, lisse;libre;serrées;blanc, gris;blanc;8-12;1.5-2;bulbeux;sublisse;blanc, gris, violet;blanc, gris;pomme de terre;present;volve;anneau;gris, fragile;foret;8-10
Cortinarius violaceus;non comestible;lames;-;fibreuse;4-12 [15];hémisphérique, [étalé];feutré, squameux;violet;lisse;adné;espacées;violet, [rouille];rouille;6-12;1-2 [4];cylindracé, clavé;fibrilleux;violet;violet;huile de cèdre;absent;-;cortine;fibrilleux, gris;feuillu;7-11
Cortinarius orellanus;Mortel;lames;-;fibreuse;3-7;hémisphérique, [convexe];fibrilleux, squameux;roux, fauve;enroulé;adné;espacées;jaune, [rouille];rouille;4-10;0.7-1.5;courbé;fibrilleux;fauve, brun;jaune, brun, rouge;radis;absent;-;cortine;jaune;chene;8-11
Cortinarius bolaris;non comestible;lames;-;fibreuse;2-6;hémisphérique, [plat];velouté;jaune, rouge;lisse;adné;peu serrées;ocre, [rouille];rouille;3-7;0.5-1.5;cylindracé;fibrilleux;jaune;blanc;rance, terre;absent;-;cortine;abondant;feuillu;7-11
Cortinarius alboviolaceus;non comestible;lames;-;fibreuse;2-8;mamelonné, [convexe];fibrilleux, soyeux;gris, rose, violet, bleu;lisse;échancré;assez serrées;brun, bleu, [rouille];rouille;5-12;0.5-1.5;clavé;fibrilleux, soyeux;concolore;blanc, rose, violet;radis;absent;-;cortine;abondant, blanc;feuillu;7-11
Cortinarius anomalus;toxique;lames;inégales;fibreuse;2-6;hémisphérique, [convexe];fibrilleux, soyeux, micacé;ocre, gris, brun;lisse, voilée;échancré;assez serrées;bleu, violet, [rouille];rouille;5-10;0.5-0.8;clavé;guirlandé;bleu, rose, violet;subconcolore, blanc;camphre, herbe;absent;-;cortine;jaune;feuillu, conifere;7-12
Cortinarius pholideus;toxique;lames;denté;fibreuse;3-10;conique, [convexe];squameux;brun;fibrilleux;échancré;peu serrées;bleu, [rouille];rouille;5-12;0.5-1;creux;squameux;concolore;blanc, ocre, brun;persil;absent;-;cortine;abondant, brun;foret, bouleau, (conifere);8-11
Cortinarius sanguineus;toxique;lames;lamelles;fibreuse;1.5-5;hémisphérique, [convexe];fibrilleux;rouge;lisse;échancré;assez serrées;rouge, [rouille];rouille;3-8;0.3-0.7;cylindracé;fibrilleux;concolore;rouge;huile de cèdre;absent;-;cortine;vineux;foret;8-11
Cortinarius uliginosus;toxique;lames;-;fibreuse;1-5;conique, [mamelonné];fibrilleux, soyeux;orange;flexueux;échancré;peu serrées;jaune, [orange];rouille;4-7;0.2-0.6;cylindracé;fibrilleux;concolore;jaune, ocre;radis;absent;-;cortine;rouge;mares, saules;8-12
Cortinarius cinnamomeoluteus;toxique;lames;fourchues;fibreuse;7;mamelonné;fibrilleux, feutré;brun, rouge;lisse;échancré;peu serrées;jaune, [rouille];rouille;10;0.8;cylindracé;fibrilleux;jaune;jaune;iode, radis;absent;-;cortine;ocre;conifere, (feuillu);8-11
Cortinarius cinnamomeus;toxique;lames;lamelles;fibreuse;2-5;convexe;fibrilleux, squameux;brun;fibrilleux, squamuleuse;échancré;serrées;orange, [rouille];rouille;3-7;0.3-0.8;cylindracé, atténué;chiné;jaune, brun;jaune;iode, radis;absent;-;cortine;jaune;conifere, feuillu;8-12
Cortinarius armillatus;non comestible;lames;lamelles;fibreuse;4-10;globuleux, [convexe];fibrilleux, pelucheux;brique, brun;voilée;échancré;assez serrées;beige, [rouille];rouille;6-15;1-3;clavé;guirlandé;orange, rouge, brun;bistre;radis;absent;-;cortine;bracelets;bouleau;7-11
Cortinarius torvus;toxique;lames;lamelles;fibreuse;3-10;hémisphérique, [plat];méchuleux;brun, gris;voilée;échancré;espacées;violet, [rouille];rouille;4-10;0.5-2.5;fusiforme;chiné;beige, brun;blanc, violet;terre, fruit, radis;absent;-;armille;blanc;feuillu, hetre;8-11
Cortinarius hinnuleus;non comestible;lames;lamelles;fibreuse;2-6;conique, [étalé];soyeux, glabre;brun, roux, jaune;fissile;échancré;très espacées;orange, ocre, [rouille];rouille;4-10;0.5-1.5;cylindracé, clavé;guirlandé;ocre, jaune;blanc;terre moisie;absent;-;cortine;blanc;feuillu, (conifere);8-11
Cortinarius paleaceus;non comestible;lames;lamelles;fibreuse;30 [40];convexe, mamelonné;fibrilleux, [méchuleux];brun, beige;méchuleuse;échancré;peu serrées;brun, violet, [rouille];rouille;8;0.3;cylindracé;fibrilleux, chiné;brun;brun, ocre;géranium;absent;-;cortine;blanc, ocre;conifere;8-11
Cortinarius triumphans;toxique;lames;lamelles;fibreuse;4-12;hémisphérique, [plat];viscidule;jaune, ocre;lisse;échancré;serrées;blanc, creme, [rouille];rouille;5-15;1-2.5;cylindracé, clavé;squameux;blanc;blanc;terre moisie;absent;-;cortine;bracelets, brun, ocre;bouleau;9-11
Cortinarius infractus;toxique;lames;lamelles;fibreuse;10;globuleux, [convexe];viscidule, vergeté;brun, ocre;lisse;échancré;espacées;gris, brun, [rouille];rouille;10;2 [3];cylindracé, clavé;fibrilleux;creme, bistre;gris;encens, huile de cèdre;absent;-;cortine;blanc;foret;8-11
Cortinarius caerulescens;toxique;lames;lamelles;fibreuse;4-12;hémisphérique, [convexe];fibrilleux, vergeté;bleu, gris;lisse;échancré;serrées;violet, [rouille];rouille;4-10;1-2.5;bulbeux;fibrilleux;subconcolore;gris, violet;désagréable;absent;-;cortine;violet;chene, charme;9-11
Cortinarius purpurascens;toxique;lames;lamelles;fibreuse;4-12;hémisphérique, [convexe];gribouillé;brun, roux, gris;flexueux;échancré;assez serrées;violet, rose, [rouille];rouille;3-8;1-2.5;bulbeux;fibrilleux;subconcolore;blanc, bleu, violet;fruit;absent;-;cortine;violet;conifere;8-11
Cortinarius calochrous;toxique;lames;lamelles;fibreuse;7;hémisphérique, [convexe];lisse;brun, roux, jaune;lisse;adné, échancré;serrées;violet, rose, [rouille];rouille;6;1.5 [3];bulbeux, cylindracé;fibrilleux, soyeux;blanc, ocre;blanc;terre;absent;-;cortine;ocre;hetre;8-11
Cortinarius rufoolivaceus;toxique;lames;lamelles;fibreuse;3-10;convexe, déprimé;visqueux;roux, beige, rose, violet;lisse;adné, échancré;serrées;olive, (violet), [rouille];rouille;4-8;0.7-3.5;bulbeux;lisse;jaune, ocre;blanc, violet;inodore;absent;-;cortine;abondant, vineux;hetre, chene;9-11
Cortinarius splendens;toxique;lames;lamelles;fibreuse;2-6;convexe, [plat];lisse, [moucheté];jaune, roux;enroulé;adné, échancré;serrées;jaune, [rouille];rouille;2-7;0.7-3;bulbeux;fibrilleux;concolore;jaune;poivre;absent;-;cortine;ocre;hetre;8-11
Cortinarius delibutus;toxique;lames;lamelles;fibreuse;2-7;hémisphérique, [convexe];lisse;jaune, ocre;lisse;échancré;serrées;rose, violet, [rouille];rouille;4-10;0.4-1;cylindracé, clavé;visqueux;blanc, jaune;blanc;inodore;absent;-;cortine;abondant;feuillu, (conifere);8-11
Cortinarius salor;toxique;lames;lamelles;fibreuse;10;hémisphérique, [convexe];lisse;violet, bleu;lisse;échancré;serrées;violet, rose, [rouille];rouille;12;2;cylindracé, clavé;visqueux;blanc, rose, violet;violet, [gris];inodore;absent;-;cortine;abondant;feuillu, (conifere);8-11
Cortinarius trivialis;toxique;lames;lamelles;fibreuse;3-10;mamelonné;lisse;brun, ocre;lisse;échancré;peu serrées;gris, violet, [rouille];rouille;4-10;0.5-2;fusiforme;visqueux;beige;blanc, brun;inodore;absent;-;armille;violet;feuillu;8-11
Cortinarius elatior;toxique;lames;lamelles;fibreuse;5-13;hémisphérique, [convexe];ridé;ocre, brun, rouge;strié;échancré;peu serrées;beige, blanc, [rouille];rouille;5-20;2.5;fusiforme, cylindracé;visqueux;blanc;blanc;inodore;absent;-;armille;violet;hetre;8-11
Inocybe dulcamara;toxique;lames;épaisses;fibreuse;1-6;hémisphérique, plat;squameux, feutré;ocre, fauve;incurvée, lisse;échancré;peu serrées;ocre, jaune;brun;1-5;0.2-1;cylindracé;fibrilleux, pruineux;concolore;subconcolore;spermatique, miel;absent;-;cortine;fibrilleux;héliophile, sable;4-1
Inocybe patouillardii;toxique;lames;ciliées;fibreuse;4-10;conique, campanulé, [étalé];peigné, fibreux;blanc, beige, bistre;enroulé, fibrilleux;échancré;assez serrées;creme, beige;brun;3-8;0.7-2;cylindracé;pruineux;concolore;blanc, rose, rougissant;spermatique, aromatique;absent;-;absent;-;taillis, feuillu;5-8
Inocybe fastigiata;toxique;lames;floconneux;fibreuse;2-6;conique, mamelonné;vergeté, fibreux;ocre, fauve, brun;incurvée, lisse;échancré, sublibre;assez serrées;beige, [brun];brun;5-10;0.4-1;cylindracé;fibrilleux, floconneux;blanc;blanc;spermatique;absent;-;cortine;floconneux;foret, feuillu, lisiere, chemin;5-12
Inocybe jurana;toxique;lames;floconneux;fibreuse;4-10;conique, mamelonné, [étalé];fibrilleux, vergeté;rose, brun, vineux;étalé, fibrilleux, lobée;échancré, sublibre;assez serrées;beige, gris, [brun];brun;5-10;0.7-2;cylindracé;fibrilleux, pruineux;subconcolore;blanc, pourpre;spermatique, aromatique;absent;-;cortine;fibrilleux;feuillu;6-11
Inocybe maculata;toxique;lames;lamelles;fibreuse;3-7;conique, mamelonné;fibrilleux, sublisse, floconneux;brun, roux;enroulé, [étalé];échancré;assez serrées;creme, gris, beige;brun;5-10;0.4-0.8;fusiforme;fibrilleux, floconneux;blanc, roux;blanc;spermatique, pain d'épice;absent;-;voile;fibrilleux;foret, feuillu;7-12
Inocybe cookei;toxique;lames;floconneux;fibreuse;2-5;conique, campanulé, [convexe];fibrilleux, vergeté;ocre, jaune;denté;échancré;assez serrées;blanc, [brun];brun;4-7;0.4-1.4;bulbeux;fibrilleux, floconneux;blanc, [ocre];blanc;miel;absent;-;cortine;fugace;feuillu, lisiere;8-10
Inocybe bongardii;toxique;lames;floconneux, épaisses;fibreuse;3-6;conique, convexe, mamelonné, [obtus];fibrilleux, squameux;gris, beige;lisse;sublibre;assez serrées;blanc, rose;brun;5-9;0.5-1.2;cylindracé;squameux, méchuleux;blanc, [brun], rougissant;rose, rouge, rougissant;spermatique, benjoin;absent;-;cortine;fibrilleux;feuillu, (conifere);8-11
Inocybe piriodora;toxique;lames;épaisses;fibreuse;3-8;campanulé, [convexe], [mamelonné];squameux;ocre, [brun];fissurée;sublibre;assez serrées;beige, [rouille];brun;3-8;0.4-1;cylindracé;fibrilleux, méchuleux;blanc, ocre;rose;poire, liqueur de fruit;absent;-;cortine;fibrilleux;feuillu;8-11
Inocybe corydalina;toxique;lames;épaisses;fibreuse;3-7;mamelonné;squameux;blanc, beige;festonné, cannelé;sublibre;peu serrées;gris, beige;brun;5-10;0.5-1;cylindracé;floconneux, fibrilleux;blanc, vert;blanc, subconcolore;spermatique, benjoin;absent;-;cortine;fugace;feuillu;8-11
Inocybe geophylla;toxique;lames;ventrues;fibreuse;1.5-3.5;mamelonné;sublisse, soyeux;blanc;festonné;échancré;assez serrées;gris, brun;brun;2-4;0.2-0.5;cylindracé;pruineux, lisse;blanc;blanc, gris;spermatique;absent;-;cortine;blanc;feuillu;6-12
Inocybe geophylla var. Lilacina;toxique;lames;ventrues;fibreuse;1.5-3.5;mamelonné;sublisse, soyeux;rose, violet;festonné;échancré;assez serrées;gris, brun;brun;2-4;0.2-0.5;cylindracé;pruineux, lisse;rose, violet;blanc, gris;spermatique;absent;-;cortine;blanc;feuillu;6-12
Inocybe flocculosa;toxique;lames;épaisses;fibreuse;2-5;conique, [mamelonné];fibrilleux, méchuleux, laineux;brun;fibrilleux;échancré;assez serrées;beige, [brun];brun;3-6;0.3-0.6;cylindracé;pruineux, fibrilleux;blanc, beige, ocre;blanc, subconcolore;spermatique, herbe;absent;-;cortine;blanc;chene, charme, hetre, feuillu;7-11
Inocybe hirtella;toxique;lames;denté;fibreuse;1-2.5;conique, convexe, [étalé];fibrilleux, squameux;jaune, ocre;denté;échancré;assez serrées;blanc, [beige], [rouille];brun;2-4.5;0.3-0.5;cylindracé;pruineux;beige, [rose];concolore;spermatique, amande amère;absent;-;absent;-;feuillu, taillis, lisiere;7-12
Collybia fusipes;toxique;lames;inégales;fibreuse;2-12;globuleux;irrégulier, hygrophane;brun, rouge;lisse;échancré;espacées;beige, [brun];blanc;5-15;0.5-3;fusiforme;sillonné;concolore;blanc;inodore;absent;-;absent;-;souche de feuillu, chene;8-12
Collybia confluens;mediocre;lames;ciliées;fibreuse;1-4;hémisphérique, [plan], [convexe];mat;gris, beige, brun;lisse;échancré;très serrées;beige, gris;blanc;6-10;0.2-0.6;cylindracé;velouté, pruineux;concolore, brun;brun;agréable, coumarinique;absent;-;absent;-;foret;6-12
Collybia peronata;mediocre;lames;fourchues;fibreuse;1-8;hémisphérique, [déprimé], [mamelonné];hygrophane, ridé;brun, rouge;lisse;échancré;espacées;brun, ocre;blanc;3-8;0.3-0.5;cylindracé;pruineux, hérissé;jaune, concolore;jaune;vinaigre;absent;-;absent;-;foret;6-12
Volvariella gloiocephala;bon;lames;collariées;fibreuse;5-15;conique, convexe, [mamelonné];glabre, visqueux, lubrifié;blanc, gris, creme;lisse, strié;libre;très serrées;rose, brun;rose;8-20;0.7-2;épaissi;glabre;blanc;pale;inodore, radis;present;volve;absent;-;fumier, lisiere;7-12
Russula nigricans;mediocre;lames;lamelles;cassante sans lait;5-20 [30];convexe, [étalé], [déprimé];sec, lisse, rugueux;blanc, brun, [noir];obtuse, [droite];adné;très espacées;blanc;blanc;3-8;1-4;trapu, [creux];bosselé, pruineux;blanc, rose, gris, [noir];rougissant;hareng;absent;-;absent;-;foret;6-11
Russula delica;mediocre;lames;lamelles;cassante sans lait;7-15;convexe, [étalé], [déprimé];sec, ridé, rugueux;blanc;obtuse, [droite];décurrent;peu serrées;blanc, creme;blanc;2-8;1.5-3;cylindracé;lisse;blanc;blanc;fruit, [poisson];absent;-;absent;-;foret, pre;5-10
Russula densifolia;mediocre;lames;lamelles;cassante sans lait;8;convexe, [étalé], [déprimé];sec;blanc, brun;obtuse, [droite];adné, décurrent;serrées;blanc, creme;blanc;5;2;cylindracé;pruineux;blanc, brun;rougissant;hareng;absent;-;absent;-;feuillu;7-10
Russula foetens;mediocre;lames;-;cassante sans lait;12-20;globuleux, [déprimé];glutineux, [brillant];ocre, fauve, brun;cannelé;adné, subdécurrent;peu serrées;creme, [rouille];creme;6-13;1.5-5;creux;lisse;blanc, roux;blanc, roux;acre, duvet brulé;absent;-;absent;-;feuillu, charme, bouleau;7-10
Russula laurocerasi;mediocre;lames;fourchues;cassante sans lait;5-8;globuleux, [étalé], [déprimé];viscidule, [lisse];ocre, jaune;cannelé;adné, subdécurrent;assez serrées;creme;creme;5-7;1-1.5;creux;veiné;blanc, brun;blanc, roux;amande, corne brulée;absent;-;absent;-;feuillu;7-9
Russula amoenolens;mediocre;lames;-;cassante sans lait;5-8;convexe, [déprimé];viscidule, [brillant], ridé;beige, gris;cannelé;adné, subdécurrent;peu serrées;blanc, [creme];creme;3-5;1-1.5;creux;lisse;blanc, roux;blanc, gris;topinambour;absent;-;absent;-;foret, chemin, clairière;6-11
Russula pectinatoides;mediocre;lames;fourchues;cassante sans lait;6;convexe, [déprimé];viscidule, [brillant], ridé;beige, gris;obtuse, [droite];adné, subdécurrent;peu serrées;blanc, creme;creme;3-6;1-1.6;creux;lisse;blanc, roux;blanc, gris;caoutchouc;absent;-;absent;-;foret, chemin, clairière;6-11
Russula cyanoxantha;bon;lames;fourchues;cassante sans lait;5-15;globuleux, convexe, [déprimé];viscidule, ridé;pourpre, violet;obtuse, [droite];adné, (subdécurrent);assez serrées;blanc;blanc;4-10;1-3.5;cylindracé;lisse, veiné;blanc;blanc;inodore;absent;-;absent;-;foret;6-12
Russula heterophylla;bon;lames;fourchues;cassante sans lait;4-10;convexe, [déprimé];ridé;vert, jaune;obtuse, [droite];adné, subdécurrent;serrées;blanc;blanc;3-6;1-3;cylindracé;lisse;blanc;blanc, jaune;inodore;absent;-;absent;-;feuillu, conifere;6-10
Russula vesca;bon;lames;fourchues;cassante sans lait;5-10;hémisphérique, [déprimé];ridé;rose, violet;retroussée;adné, subdécurrent;serrées;blanc;blanc;4-10;1-3;cylindracé;lisse, pruineux, [rugueux];blanc;blanc, rose;inodore;absent;-;absent;-;feuillu, chene;5-10
Russula virescens;bon;lames;-;cassante sans lait;5-10 [15];hémisphérique, convexe, [déprimé];velouté, [craquelé];vert, blanc;obtuse, [droite];adné;assez serrées;blanc;blanc;3-8;1.5-3;fusiforme;excorié;blanc;blanc, vert;fromage;absent;-;absent;-;feuillu;5-10
Russula lepida;mediocre;lames;-;cassante sans lait;5-12;subglobuleux, [étalé], [déprimé];pruineux, fissuré;rouge;obtuse, [droite];adné;serrées;blanc, creme;blanc;3-8;1.5-3.5;cylindracé;veiné;rose;blanc;fruit;absent;-;absent;-;foret;7-10
Russula aurora;mediocre;lames;-;cassante sans lait; 4-12;convexe, [déprimé];mat, pruineux;rose, creme;obtuse, [droite];adné;assez serrées;blanc, [creme];blanc;4-12;1-3;clavé;veiné;blanc;blanc;fruit;absent;-;absent;-;hetre, charme, tilleul;7-11
Russula aeruginea;bon;lames;-;cassante sans lait;4-10;convexe, [déprimé];viscidule, ridé;vert, jaune;obtuse, [droite];adné;assez serrées;blanc, jaune, [ocre];creme;5-8;1-2 [4];atténué;lisse;blanc, jaune;blanc, jaunissant;inodore;absent;-;absent;-;bouleau, (conifere);7-11
Russula velenovskyi;mediocre;lames;-;cassante sans lait;2-8;déprimé;viscidule, [brillant];rouge, orange;obtuse, [droite];adné, sublibre;assez espacées;creme, [ocre];ocre;3-7;0.5-1.5;cylindracé;lisse;blanc;blanc, creme, rose;inodore;absent;-;absent;-;bouleau, (conifere);6-11
Russula nitida;mediocre;lames;-;cassante sans lait;2-6;déprimé;viscidule, ridé;pourpre, (brun);cannelé;adné, sublibre;assez espacées;creme, [ocre];ocre;3-7;0.5-1.5;cylindracé;irrégulier;blanc, rose;blanc, jaunissant;fruit, inodore;absent;-;absent;-;bouleau;7-11
Russula aurea;bon;lames;fourchues;cassante sans lait;4-8;convexe, [déprimé];viscidule, [brillant];rouge, orange;obtuse, [droite];adné;assez serrées;jaune, [ocre];jaune;3-8;1-2;cylindracé;granuleux, rugueux;blanc, jaune;jaune;inodore;absent;-;absent;-;feuillu;6-10
Russula claroflava;mediocre;lames;-;cassante sans lait;5-15;convexe, [étalé];viscidule;jaune;obtuse, [cannelé];adné;assez serrées;blanc, [jaune];ocre;4-9;1.5-3;cylindracé;rugueux;blanc, gris;blanc, gris;fruit;absent;-;absent;-;sphaigne, bouleau;7-11
Russula risigallina;non comestible;lames;fourchues;cassante sans lait;1-5;convexe, [déprimé];velouté, mat;jaune;lisse, [cannelé], [pectinée];adné, sublibre;peu serrées;creme, [jaune];jaune;2-5;0.5-1;cylindracé;irrégulier;blanc;blanc;mirabelle, rose;absent;-;absent;-;foret, feuillu;6-11
Russula turci;mediocre;lames;-;cassante sans lait;3-10;déprimé;visqueux;violet, pourpre;obtuse, [droite];adné;peu serrées;creme, [ocre];ocre, jaune;3-7;1-2;clavé, atténué;ridé;blanc;blanc;fruit, iode;absent;-;absent;-;conifere, pin, (epicea);8-12
Russula amara;mediocre;lames;-;cassante sans lait;4-10;mamelonné;viscidule, brillant;violet, pourpre;obtuse, [droite];adné;serrées;blanc, [creme];jaune;4-8;1-2;atténué, fusiforme;veiné, réticulé;blanc;blanc;fruit;absent;-;absent;-;pin;7-11
Russula olivacea;toxique;lames;-;cassante sans lait;8-20;subglobuleux, [convexe], [déprimé];pruineux, velouté, ridé;rouge, vert;obtuse, [droite];adné;assez espacées, [espacées];creme, [ocre];jaune;6-12;2-4;cylindracé;ridé;rose;blanc, [jaune];fruit;absent;-;absent;-;hetre, (epicea);7-11
Russula ochroleuca;non comestible;lames;fourchues;cassante sans lait;4-10;convexe, [étalé], [déprimé];viscidule, ridé;jaune;obtuse, [droite];adné;serrées;blanc, [gris];blanc;4-8;1-2.5;cylindracé;pruineux, [rugueux];blanc, gris;blanc, ocre;epice, inodore;absent;-;absent;-;foret;6-12
Russula fellea;mediocre;lames;-;cassante sans lait;4-10;étalé, déprimé;viscidule, [lisse];fauve, orange;cannelé;adné;assez serrées;creme, [ocre];blanc;4-6;1-2;cylindracé;lisse, [veiné];blanc, [creme];blanc, [ocre];compote de pomme;absent;-;absent;-;hetre;7-11
Russula luteotacta;non comestible;lames;interveinées;cassante sans lait;3-8;convexe, [étalé], [déprimé];viscidule, chagriné;rouge, rose;festonné, cannelé;décurrent;peu serrées;blanc, creme;blanc;2-6;1-1.5;cylindracé;lisse;blanc, rose;blanc, jaunissant;inodore;absent;-;absent;-;feuillu, charme;6-10
Russula fageticola;toxique;lames;-;cassante sans lait;3-10;déprimé;sec, brillant;rouge;obtuse, [droite];adné;assez serrées;blanc;blanc;4-8;1-1.5;cylindracé;lisse;blanc;blanc, [jaune];fruit, coco, [miel];absent;-;absent;-;hetre;7-11
Russula fragilis;mediocre;lames;-;cassante sans lait;1-6;déprimé;viscidule, [brillant];rouge, violet;cannelé;adné;peu serrées, espacées;blanc;blanc;2-5;0.5-1;cylindracé;lisse;blanc, [jaune];blanc;coco, géranium;absent;-;absent;-;feuillu;7-11
Russula atropurpurea;non comestible;lames;arquées;cassante sans lait;3-10;convexe, déprimé;viscidule, [brillant];rouge, noir;obtuse, [droite];adné;assez serrées;blanc, creme;blanc;3-5;1-2;cylindracé;pruineux, [ridé];blanc;blanc, grisonnant;pomme;absent;-;absent;-;feuillu, conifere;6-12
Russula exalbicans;mediocre;lames;fourchues, arquées;cassante sans lait;5-10;charnu;viscidule, ridé;rose, violet;obtuse, [droite];adné;assez serrées;gris, [ocre];ocre;3-8;1-2.5;cylindracé;veiné;rose, gris;blanc, rose, grisonnant;fruit;absent;-;absent;-;bouleau, (feuillu);7-11
Russula artesiana;mediocre;lames;-;cassante sans lait;8-20;hémisphérique, [déprimé];visqueux;rouge, violet;obtuse, [strié], [cannelé];adné, subdécurrent;assez serrées;creme, [brun];creme;6-13;2-5;clavé;veiné;blanc, jaune;blanc, roussissant;fruit, miel, inodore;absent;-;absent;-;feuillu;7-11
Russula queletii;mediocre;lames;fourchues;cassante sans lait;3-7;convexe, déprimé;visqueux, [brillant], ridé;pourpre, rouge;cannelé;adné;peu serrées, (espacées);blanc, [creme];creme;2-6;1-2;cylindracé;pruineux;rose;blanc, rouge;pomme;absent;-;absent;-;epicea;7-10
Russula sanguinaria;mediocre;lames;arquées;cassante sans lait;4-10;étalé, déprimé;viscidule, ridé;rose, rouge;obtuse, [droite];décurrent;peu serrées;blanc, [ocre];creme;4-7;1-3;atténué;pruineux, fibrilleux;rose, rouge;blanc, rose;fruit;absent;-;absent;-;conifere, pin;7-11
Russula drimeia;mediocre;lames;fourchues;cassante sans lait;4-10;convexe, submamelonné, [étalé];viscidule, [sec];violet, (rouge);obtuse, [droite];adné;serrées;jaune;creme;3-8;1-2;atténué;pruineux;rose, violet;blanc, jaune, violet;fruit;absent;-;absent;-;pin;6-11
Lactarius piperatus;mediocre;lames;fourchues;cassante avec lait;5-12;déprimé;rugueux;blanc;obtuse, [droite];décurrent;très serrées;creme;blanc;5-12;1-2;cylindracé;pruineux;blanc, creme;blanc;champignon, [poisson];absent;-;absent;-;feuillu;6-8
Lactarius vellereus;mediocre;lames;inégales, fourchues;cassante avec lait;10-25;déprimé;velouté, fibrilleux;blanc;obtuse, [droite];subdécurrent;espacées;blanc, creme;blanc;4-8;1.5-5;cylindracé;pruineux;blanc, creme;blanc;acre;absent;-;absent;-;feuillu, (conifere);8-11
Lactarius controversus;mediocre;lames;inégales, fourchues;cassante avec lait;8-20 [30];déprimé;lisse;blanc;obtuse, [droite];décurrent;serrées;creme, [rose];rose;2-7;1-4;conique;sublisse;blanc, rose;blanc;fleuri;absent;-;absent;-;feuillu;8-12
Lactarius necator;mediocre;lames;inégales;cassante avec lait;5-15;convexe, [déprimé];brillant;brun, olive;pubescente;subdécurrent;serrées;blanc, [vert];creme;3-7;1-3;cylindracé;viscidule;subconcolore;blanc;inodore;absent;-;absent;-;foret, bouleau;7-12
Lactarius pubescens;toxique;lames;fourchues;cassante avec lait;10;convexe, [déprimé];laineux;blanc, ocre;obtuse, [droite];subdécurrent;assez serrées;blanc, rose;creme;5;4;trapu;scrobiculé;blanc;blanc, rose;fruit, acidulé;absent;-;absent;-;bouleau, friche, herbe;7-12
Lactarius torminosus;toxique;lames;fourchues;cassante avec lait;6-12;convexe, [déprimé];laineux;rouge, rose;enroulé;adné, subdécurrent;serrées;blanc, rose;creme;3-6;1-3;cylindracé;pruineux, (scrobiculé);blanc, [rose], [beige];subconcolore;fruit, fleuri;absent;-;absent;-;bouleau;6-12
Lactarius zonarius;mediocre;lames;fourchues;cassante avec lait;6-12;convexe, [étalé];brillant;jaune, ocre;infléchie, floconneux;décurrent;assez serrées;blanc, [creme];ocre;3-5;1-3;conique;lisse, scrobiculé;blanc, brun;blanc, rosissant, grisonnant;fruit, fleuri;absent;-;absent;-;plaine;7-11
Lactarius pyrogalus;mediocre;lames;inégales;cassante avec lait;3-10;entonnoir;viscidule, ridé;beige, gris, ocre;obtuse, [droite];subdécurrent;très espacées;ocre, orange;ocre;6-8.5;0.5-2;cylindracé;ridé;subconcolore;blanc;inodore;absent;-;absent;-;noisetier;7-11
Lactarius trivialis;mediocre;lames;fourchues;cassante avec lait;8-15 [20];étalé, déprimé;visqueux;ocre, rose, violet, beige, brun;obtuse, [droite];décurrent;serrées;creme, [ocre];creme;5-15;1.5-4;cylindracé, creux;lisse, ridé;blanc, creme;blanc;fruit;absent;-;absent;-;conifere, bouleau, marecage;7-10
Lactarius vietus;mediocre;lames;épaisses;cassante avec lait;3-8;déprimé;brillant;rose, violet, (gris), (beige);givrée;subdécurrent;assez serrées;blanc, [creme];blanc;3-7;0.5-2;cylindracé, creux;bosselé;subconcolore;creme;inodore;absent;-;absent;-;bouleau, pin;7-11
Lactarius blennius;mediocre;lames;inégales;cassante avec lait;4-10;déprimé, (entonnoir);visqueux;brun, (gris);obtuse, [droite];adné, décurrent;très serrées;blanc, [creme];creme;3-7;1-2.5;cylindracé;viscidule;subconcolore;creme;inodore;absent;-;absent;-;hetre;7-12
Lactarius rufus;mediocre;lames;lamelles;cassante avec lait;4-10;mamelonné;feutré;brun, roux;obtuse, [droite];subdécurrent;assez serrées;blanc, [creme];blanc;5-10;1-2;cylindracé, creux;pruineux, glabre;subconcolore;blanc, roux;inodore;absent;-;absent;-;pin, bouleau;8-11
Lactarius glyciosmus;mediocre;lames;interveinées;cassante avec lait;5;convexe, [déprimé];pruineux, micacé;gris, beige, rose, violet;obtuse, [droite];adné, subdécurrent;assez serrées;creme, orange;creme;5;1;cylindracé;sec, glabre;blanc, [creme], [rose], [idem];creme;coco;absent;-;absent;-;bouleau;8-11
Lactarius cimicarius;mediocre;lames;inégales;cassante avec lait;3-7;tronqué;sec, chagriné;brun, noir, [gris];obtuse, [droite];subdécurrent;assez serrées;creme, rose, roux;creme;3-6;0.5-1;cylindracé;ridé;subconcolore;creme;lierre, punaise;absent;-;absent;-;feuillu;7-11
Lactarius camphoratus;mediocre;lames;anastomosées;cassante avec lait;2-6;aplati, déprimé;lisse;brun;obtuse, [droite], (cannelé);subdécurrent;serrées;ocre;creme, jaune;1.5-5;0.5-1;cylindracé, creux;ridé;brun;concolore, brun;punaise, chicorée;absent;-;absent;-;foret, (bois pourri);7-10
Lactarius quietus;mediocre;lames;fourchues;cassante avec lait;5-12;convexe, [déprimé];micacé;brun, roux, gris, rouge;obtuse, [droite];adné, décurrent;serrées;creme, [roux];creme;3-7;0.5-2;cylindracé;fibrilleux, [glabre];brun;blanc, rose;punaise;absent;-;absent;-;chene;7-12
Lactarius subdulcis;mediocre;lames;inégales;cassante avec lait;2-6;étalé, déprimé;mat;beige, brun, rose;obtuse, [droite];adné, décurrent;assez serrées;blanc, [creme];creme;3-6;0.5-1;cylindracé;mat;creme, jaune, rose;blanc, roussissant;caoutchouc;absent;-;absent;-;feuillu, hetre;7-10
Lactarius aurantiacus;mediocre;lames;lamelles;cassante avec lait;6;convexe, [déprimé];lisse;orange, jaune;obtuse, [droite];adné, subdécurrent;assez serrées;blanc, [creme];creme;6;1;cylindracé;mat;subconcolore;creme;caoutchouc, punaise;absent;-;absent;-;feuillu, (conifere);7-11
Lactarius lacunarum;mediocre;lames;inégales;cassante avec lait;4-8;déprimé;lisse, fibrilleux;roux;obtuse, [droite];décurrent;assez serrées;creme, [beige], [orange];creme;3-5;0.5-1;cylindracé;ridé;subconcolore;creme;inodore;absent;-;absent;-;ornières, mares;7-10
Lactarius subsericatus;mediocre;lames;inégales;cassante avec lait;10;convexe, [déprimé];lisse, velouté;roux, rouge;obtuse, [droite];adné, subdécurrent;peu serrées;creme, ocre;creme;8;2;cylindracé;cannelé;subconcolore, brun, roux;creme;acidulé;absent;-;absent;-;epicea;7-10
Lactarius tabidus;mediocre;lames;inégales;cassante avec lait;2-6;mamelonné;ridé;ocre, rouge;obtuse, [droite];subdécurrent;assez serrées;creme, [beige], [rose];creme;2-5;0.3-0.8;cylindracé;strié;subconcolore;blanc, rose, brun;inodore;absent;-;absent;-;feuillu, hetre;7-12
Lactarius chrysorrheus;mediocre;lames;lamelles;cassante avec lait;4-8;subglobuleux, [déprimé];viscidule, [micacé];orange;obtuse, [droite];subdécurrent;serrées;creme, rose, orange;jaune;3-7;0.5-2;cylindracé;glabre;blanc, [creme], [orange];blanc, jaune;acidulé, fruit;absent;-;absent;-;feuillu, chene;8-11
Lactarius pterosporus;mediocre;lames;fourchues;cassante avec lait;3-8;convexe, [déprimé];ridé;ocre;obtuse, [droite];décurrent;très serrées;creme, [saumon];blanc;3-6;0.5-1;cylindracé;satiné, ridé;beige;blanc, rosissant;fruit;absent;-;absent;-;charme;7-11
Lactarius uvidus;mediocre;lames;inégales;cassante avec lait;4-10;convexe, [déprimé];visqueux;gris, violet, beige, rose;obtuse, [droite];subdécurrent;assez serrées;creme;creme;4-10;0.5-2;farci;viscidule;blanc, jaune;blanc, violettant;fruit;absent;-;absent;-;feuillu, (conifere);8-11
Lactarius deliciosus;bon;lames;fourchues;cassante avec lait;5-15;creusé;viscidule, zoné;ocre, rouge;obtuse, [droite];subdécurrent;assez serrées;orange, vert;creme;3-7;1-2.5;trapu;scrobiculé;subconcolore;blanc, orange;fruit;absent;-;absent;-;pin;8-12
Armillaria mellea;toxique;lames;lamelles;fibreuse;2-15;convexe, [déprimé];squameux, [glabre];ocre, jaune, brun;strié;subdécurrent;assez serrées;blanc;blanc;8-20 [25];0.5-2;cylindracé, atténué;fibreux, sublisse;blanc, [jaune], [ocre];blanc, (rosissant);inodore;absent;-;anneau;membraneux;tronc, souche de feuillu;8-12
Armillaria tabescens;mediocre;lames;lamelles;fibreuse;2-8;convexe, [déprimé];fibrilleux, squameux;brun, jaune, ocre;strié;subdécurrent;assez espacées;blanc, [rose];blanc;5-12;0.5-1;atténué;fibrilleux, pelucheux;concolore;blanc, creme;inodore;absent;-;absent;-;souche de feuillu, souche de chene;9-11
Laccaria amethystina;bon;lames;épaisses, pruineuses;fibreuse;1-6;aplati;glabre, [fibrilleux];violet;festonné, flexueux;adné;espacées;violet;blanc;3-10;0.2-1;tortueux;fibrilleux, strié;concolore;concolore;inodore, champignon;absent;-;absent;-;foret;6-12
Armillaria gallica;toxique;lames;lamelles;fibreuse;5-10;convexe;squameux;ocre, brun;floconneux;subdécurrent;assez serrées;blanc, creme;blanc;5-12;0.5-2.5 [3];clavé, bulbeux;fibrilleux, strié;pale, brun, jaune, gris;blanc, brun;inodore;absent;-;anneau;pelucheux, dilacéré;souche de feuillu;8-12
Laccaria laccata;bon;lames;épaisses;fibreuse;1-4;hémisphérique, [aplati];lisse, fibrilleux;brun, rose, ocre, creme;strié;adné;espacées;rose, [brun];blanc;2-10;0.2-0.4;flexueux, torsadé;fibrilleux, strié;concolore;rose;inodore;absent;-;absent;-;foret, sous-bois;6-12
Tricholoma album;toxique;lames;horizontales;fibreuse;2-5;convexe, [plat];lisse, rugueux, feutré;blanc;lisse, aigu;échancré;peu serrées;blanc;blanc;5-6;0.4-0.7;élancé;lisse, fibrilleux;blanc;blanc;farine;absent;-;absent;-;feuillu;9-11
Tricholoma acerbum;mediocre;lames;horizontales;fibreuse;5-15;hémisphérique, convexe;lisse, feutré;creme, jaune, roux;enroulé, cannelé;échancré;serrées;blanc, creme;blanc;5-9;1-3;cylindracé, clavé;pruineux, floconneux;blanc, concolore;blanc;inodore;absent;-;absent;-;feuillu;9-11
Tricholoma virgatum ;toxique;lames;horizontales;fibreuse;4-7;conique, [convexe];fibrilleux, soyeux;gris;flexueux;échancré;assez serrées;gris;blanc;5-10;0.5-1.5;subbulbeux;squameux;blanc;blanc;terre;absent;-;absent;-;feuillu, conifere;8-10
Tricholoma terreum;bon;lames;horizontales;fibreuse;4-8;conique, [convexe];fibrilleux, vergeté;gris, noir;fibrilleux;échancré;peu serrées;gris;blanc;3-6;0.5-1.5;cylindracé;fibrilleux;blanc;subconcolore;inodore;absent;-;absent;-;conifere;9-12
Tricholoma scalpturatum;bon;lames;horizontales;fibreuse;3-6;conique, [convexe];squameux, feutré;gris, beige;fibrilleux;échancré;assez serrées;blanc;blanc;3-6;0.5-1;cylindracé;fibrilleux;blanc, gris;blanc, [jaune];farine;absent;-;cortine;fibrilleux;foret, taillis, feuillu;9-12
Tricholoma pardinum;toxique;lames;horizontales;fibreuse;8-15 [20];hémisphérique, mamelonné, [convexe];squameux;gris, brun;obtuse;échancré;serrées;blanc;blanc;7-12;1-3;clavé;subglabre;blanc, brun;blanc;farine;absent;-;absent;-;conifere, feuillu;8-10
Tricholoma saponaceum;mediocre;lames;horizontales;fibreuse;6-13;hémisphérique, [convexe];viscidule, [sec];vert, gris;incurvée;échancré;peu serrées;blanc, jaune;blanc;5-15;0.5-1.5;fusiforme, atténué;excorié;blanc;blanc, rose;savon;absent;-;absent;-;feuillu, chene;8-12
Tricholoma sejunctum;mediocre;lames;horizontales;fibreuse;4-10;conique, [mamelonné];bosselé, fibrilleux;jaune, vert;enroulé;échancré;peu serrées;blanc;blanc;5-8;0.5-1.5;cylindracé;lubrifié, [fibrilleux];blanc, jaune, roux;blanc;farine;absent;-;absent;-;feuillu;8-10
Tricholoma auratum;Mortel;lames;horizontales;fibreuse;8-15;convexe, plat;viscidule;jaune, orange, brun;flexueux;échancré;peu serrées;jaune;blanc;4-8;1-3;trapu;sublisse;jaune;blanc, jaune;inodore;absent;-;absent;-;sable, conifere;9-12
Tricholoma sulfureum;mediocre;lames;horizontales, inégales;fibreuse;5-13;hémisphérique, [plan], [convexe];sec, velouté;blanc, jaune;lisse;échancré;peu serrées;blanc, jaune;blanc;5-10;0.4-1.5;atténué;lisse, fibrilleux;subconcolore;concolore;soufre, fruit;absent;-;absent;-;feuillu;8-11
Tricholoma vaccinum;mediocre;lames;horizontales, lamelles;fibreuse;5-8;hémisphérique, [mamelonné];laineux, [écailleux];brun, orange;appendiculé, laineuse;échancré;peu serrées;creme, beige;blanc;3-9;1-1.5;atténué;fibrilleux;blanc, roux;creme, roux, rosissant;inodore;absent;-;absent;-;foret, conifere;9-12
Tricholoma fulvum;mediocre;lames;horizontales;fibreuse;5-10;conique, [mamelonné];viscidule, [sec];brun, fauve;cannelé, cotelée;échancré;serrées;jaune, [rouille];blanc;6-10;0.5-1;cylindracé;fibrilleux;jaune, brun;jaune;farine;absent;-;absent;-;feuillu, bouleau;8-11
Tricholoma ustale;mediocre;lames;horizontales;fibreuse;5-10;convexe, plan;viscidule, visqueux;brun, ocre;ondulé, enroulé;échancré;assez serrées;creme, [rouille];blanc;4-8;0.5-1.5;cylindracé;lisse, fibrilleux;blanc, [roux];blanc, roux;farine;absent;-;absent;-;feuillu;9-11
Ganoderma lipsiense;toxique;tubes;non détachables;ligneuse;10-40;hémicirculaire;bosselé, vernissé;roux;irrégulier;-;très fins;blanc, brun, brunissant;brun;0;0;nul;-;-;brun;champignon;absent;-;absent;-;tronc, souche de feuillu;1-12
Ganoderma lucidum;mediocre;tubes;non détachables;ligneuse;4-20;spatulé, réniforme;lisse, brillant;brun, rouge, orange;irrégulier;-;très fins;blanc, ocre, brunissant;brun;5-25;1-3;latéral;brillant, noduleux;brun, rouge;brun;polypore, bois;absent;-;absent;-;feuillu;6-11
Grifola frondosa;bon;tubes;non détachables;fibreuse, [cassante sans lait];50;composé;lisse;gris, (violet), [brun];fissurée;-;fins;blanc;blanc;0;0;confluents;-;-;blanc;acidulé;absent;-;absent;-;souche de feuillu, souche de chene;8-10
Meripilus giganteus;mediocre;tubes;non détachables;fibreuse, [cassante sans lait];100;composé;fibrilleux, squameux;ocre, jaune, [brun];flexueux;-;très fins;creme, noircissant;blanc;0;0;confluents;-;-;noircissant;agréable;absent;-;absent;-;souche de feuillu, souche de chene;8-11
Daedalea quercina;mediocre;tubes;non détachables;ligneuse;5-25;console;glabre, bosselé;beige, gris, brun, roux;flexueux;-;amples;concolore;blanc;0;0;nul;-;-;jaune;champignon, agréable;absent;-;absent;-;bois de feuillu, bois de chene;1-12
Fomes fomentarius;mediocre;tubes;non détachables;ligneuse;10-30;console, sabot;glabre, zoné, bosselé;gris, brun;lisse;-;très fins;concolore;blanc;0;0;nul;-;-;brun;fruit;absent;-;absent;-;bois de feuillu;1-12
Heterobasidion annosum;mediocre;tubes;non détachables;ligneuse;10-20;console, sabot;glabre, zoné, bosselé;brun, blanc;lisse;-;très fins;blanc, creme;blanc;0;0;nul;-;-;blanc, pale;agréable;absent;-;absent;-;bois de conifere;1-12
Lenzites betulinus;mediocre;lames;fourchues, anastomosées;ligneuse;3-10;hémicirculaire;velouté, hirsute;blanc, gris, (vert);flexueux;-;assez serrées;brun, rose;blanc, creme;0;0;nul;-;-;blanc;inodore;absent;-;absent;-;bois de bouleau;7-11
Daedaleopsis confragosa;mediocre;tubes;non détachables;ligneuse;3-15;hémicirculaire;zoné, bosselé;ocre;lisse;-;assez amples;blanc, [brun];blanc;0;0;nul;-;-;brun;inodore;absent;-;absent;-;bois de feuillu, bois d’aulne, bois de bouleau;1-12
Daedaleopsis tricolor;mediocre;lames;fourchues;ligneuse;3-15;hémicirculaire;zoné, bosselé, glabre;gris, brun, [rouge];ondulé;-;assez serrées;brun;blanc, creme;0;0;nul;-;-;ocre, brun;champignon;absent;-;absent;-;bois de feuillu;8-11
Laetiporus sulfureus;comestible;tubes;non détachables;ligneuse;10-50;hémicirculaire, spatulé;lisse, bosselé, ridé;jaune, orange;ondulé;-;fins;jaune;blanc, creme;0;0;nul;-;-;orange, [pale];champignon, agréable;absent;-;absent;-;bois de feuillu, bois de chene;3-11
Piptoporus betulinus;mediocre;tubes;non détachables;ligneuse;3-26;spatulé;vernissé;blanc, [beige];épaisse, flexueux;-;très fins;blanc;blanc;0;0;nul;-;-;blanc;agréable, chicorée;absent;-;absent;-;bois de bouleau;6-11
Trametes versicolor;mediocre;tubes;non détachables;ligneuse;1-7;composé;velouté, glabre, brillant;blanc, gris, bleu, ocre, rouge, brun;flexueux, ondulé;-;fins;blanc, brun;creme;0;0;nul;-;-;blanc;inodore;absent;-;absent;-;bois de feuillu;1-12
Postia caesia;mediocre;tubes;non détachables;spongieuse;1-5;hémicirculaire;hérissé, pubescent, réticulé;blanc, bleu;fine;-;fins;blanc, [bleu];bleu;0;0;nul;-;-;blanc;inodore;absent;-;absent;-;bois de conifere;8-12
Trametes gibbosa;mediocre;tubes;non détachables;ligneuse;2-10;composé;zoné, bosselé;blanc, vert;aigu, flexueux;-;fins;blanc, [ocre];blanc;0;0;nul;-;-;blanc;inodore;absent;-;absent;-;bois de feuillu;5-11
Polyporus durus;mediocre;tubes;non détachables;ligneuse;20;spatulé, hémicirculaire;ridé, vergeté;gris, [brun];ondulé, sinueux;décurrent;très fins;blanc;blanc;1-7;0.5-2;latéral;lisse, velouté;noir;blanc;agréable;absent;-;absent;-;bois de feuillu;6-11
Polyporus squamosus;comestible;tubes;non détachables;ligneuse;40;spatulé, hémicirculaire;écailleux;ocre, jaune, [brun];lisse;décurrent;amples;blanc, [jaune];blanc;3-10;1-6;latéral;feutré;brun, noir;blanc, creme;concombre;absent;-;absent;-;tronc, souche de feuillu;7-11
Polyporus tuberaster;mediocre;tubes;non détachables;ligneuse;15;spatulé, hémicirculaire;écailleux;ocre, jaune, [brun];ondulé, sinueux;décurrent;amples;blanc, [jaune];blanc;1-5;0.5-1.5;latéral;fibrilleux;blanc;blanc;champignon;absent;-;absent;-;debris;7-11
Polyporus ciliatus;mediocre;tubes;non détachables;ligneuse;20;spatulé, hémicirculaire;ridé, vergeté;vert, gris, [brun];ciliée;décurrent;très fins;blanc;blanc;2-5;0.5-1;latéral;granuleux;gris, vert;blanc;agréable;absent;-;absent;-;bois de feuillu;6-11
Craterellus cornucopioides;bon;lisse;plis;fibreuse;7;trompette;fibrilleux, squameux;noir, gris;flexueux, fissile;-;-;concolore;blanc;15;1;mal différencié;lisse;concolore;gris, noir;aromatique, agréable;absent;-;absent;-;feuillu;6-11
Cantharellus cibarius;bon;lisse;plis;fibreuse;10;déprimé;lisse;jaune, ocre;enroulé;décurrent;assez espacées;concolore;creme;15;1;mal différencié;lisse;concolore;blanc, creme;agréable, fruit;absent;-;absent;-;feuillu, conifere;6-12
Conocybe spp.;mediocre;lames;ventrues, givrées;fibreuse;1-4;campanulé;hygrophane, strié;ocre, brun;strié;sublibre;assez serrées;blanc, ocre, rouille;ocre, brun;2-8;0.1-0.6;bulbeux;pruineux, fibrilleux, floconneux;blanc, creme, ocre, rouille;creme, ocre;inodore;absent;-;absent;-;herbe, chemin;6-11
Agrocybe aegerita;bon;lames;sinuées, arquées;fibreuse;2-15;convexe;ridé, craquelé;blanc, brun;flexueux;adné, subdécurrent;serrées;beige, brun;brun;5-15;1-2.5;courbé;sublisse;blanc;blanc;fruit, farine, radis;absent;-;anneau;ample;bois de feuillu, bois de peuplier;6-11
Panaeolus spp.;toxique;lames;ventrues, givrées;fibreuse;0.5-6;campanulé , convexe;ridé, craquelé;brun;denté;adné;peu serrées, assez serrées;gris, [noir];brun, noir;1-15;0.1-0.7;bulbeux, cylindracé;pruineux;brun;brun;inodore;absent;-;absent;-;herbe;4-12
Strobilomyces strobilaceus;toxique;tubes;détachables;fibreuse;5-12;convexe;laineux, écailleux;gris, noir;lisse;échancré, subdécurrent;fins;gris, noir;noir, pourpre;7-17;1.5-3;cylindracé, courbé;fibrilleux, laineux;concolore;pale, rougissant, noircissant;inodore;absent;-;anneau;fibrilleux, laineux;hetre, (conifere);8-11
Gyroporus castaneus;toxique;tubes;détachables;cassante sans lait;3-10;aplati;bosselé, sec, [fissuré];roux, brun;flexueux;échancré;fins, moyens;blanc, [jaune];jaune;4-8;1-3;clavé;bosselé, fibrilleux, sublisse;concolore;blanc;inodore;absent;-;absent;-;feuillu, conifere, chene;7-12
Gyroporus cyanescens;comestible;tubes;détachables;fibreuse;4-12;convexe;feutré, sec;blanc, jaune, bleuissant;lisse;échancré;fins;blanc, [jaune];jaune;4-10;1-2.5;clavé;bosselé, pruineux, sublisse;blanc, jaune, bleuissant;bleuissant;inodore;absent;-;absent;-;feuillu, conifere;7-12
Gyrodon lividus;mediocre;tubes;détachables;fibreuse;5-12;convexe;viscidule, lubrifié, velouté;ocre;flexueux;décurrent;fins;jaune, bleuissant, verdissant;ocre, jaune, brun;3-7;0.5-1;atténué, fusiforme;fibrilleux;ocre, jaune, [brun];blanc, bleuissant, verdissant;acidulé;absent;-;absent;-;aulne;8-11
Suillus luteus;bon;tubes;détachables;fibreuse;5-12;convexe;visqueux;brun, roux;appendiculé;adné, subdécurrent;étroits;jaune, ocre;brun;5-10;1.5-2.5;cylindracé;viscidule, granuleux, ridé;jaune, brun;blanc, jaune;inodore;absent;-;anneau;membraneux, ample, violet;pin;7-11
Suillus grevillei;bon;tubes;détachables;fibreuse;3-10;convexe;visqueux, lubrifié;jaune, orange;appendiculé, excédente;adné, subdécurrent;fins;jaune;jaune;4-10;1-2;cylindracé, fusiforme;visqueux;concolore;blanc, jaune;inodore;absent;-;anneau;membraneux, ample;meleze;7-11
Suillus bovinus;mediocre;tubes;détachables;fibreuse;3-10;convexe, [aplati];visqueux, lubrifié;beige, jaune, brun;aigu;décurrent;amples;jaune;brun, ocre;3-8;0.7-1.5;cylindracé, fusiforme;fibrilleux, sublisse;brun, creme, jaune;blanc, jaune;inodore;absent;-;absent;-;pin a 2 aiguilles;8-12
Suillus granulatus;bon;tubes;détachables;fibreuse;2-10;convexe;visqueux, brillant;beige, jaune, brun;enroulé;adné;fins;jaune;brun;2-10;0.5-1.5;cylindracé, fusiforme;granuleux;jaune, ocre, fauve, rose;blanc, ocre, rouge, (bleuissant);epice;absent;-;absent;-;pin a 2 aiguilles;7-11
Suillus variegatus;comestible;tubes;détachables;fibreuse;5-15;convexe;feutré, squameux;ocre, jaune, [brun];lisse;adné, décurrent;assez amples;jaune;brun;4-10;0.8-2.5;cylindracé;réticulé;ocre, roux;jaune, bleuissant;acidulé;absent;-;absent;-;pin a 2 aiguilles;8-11
Chalciporus piperatus;mediocre;tubes;détachables;fibreuse;3-10;convexe, [aplati];visqueux, viscidule, lubrifié;beige, jaune, brun;aigu;décurrent;amples;jaune;brun, ocre;3-8;0.7-1.5;cylindracé, fusiforme;fibrilleux, sublisse;jaune;jaune;poivre;absent;-;absent;-;pin a 2 aiguilles;8-12
Xerocomus subtomentosus;comestible;tubes;détachables;fibreuse;3-10;convexe;sec, velouté;brun, ocre;lisse;échancré;amples;jaune, (bleuissant);brun;3-10;0.5-2.5;cylindracé;fibrilleux, strié;subconcolore;pale;inodore;absent;-;absent;-;feuillu, conifere;7-11
Xerocomus chrysenteron;comestible;tubes;détachables;fibreuse;2-10;convexe;craquelé, fissuré;brun, rose;lisse;adné;amples;jaune, (bleuissant);brun;2-8;0.4-2;clavé;fibrilleux, strié;blanc, jaune, (rouge);blanc, jaune, rose, (bleuissant), (rougissant);inodore;absent;-;absent;-;feuillu, conifere;5-12
Xerocomus pruinatus;bon;tubes;détachables;fibreuse;2-10;convexe, cérébriforme;craquelé, ridé, pruineux;brun, pourpre;lisse;adné;amples;jaune;brun;2-8;0.4-2;clavé;fibrilleux, strié;jaune, bleuissant;jaune, (bleuissant), (rougissant);inodore;absent;-;absent;-;feuillu, conifere;5-12
Xerocomus rubellus;bon;tubes;détachables;fibreuse;2-10;convexe;craquelé, fissuré;rouge;lisse;adné;amples;jaune;brun;2-8;0.4-2;clavé;fibrilleux, strié;jaune, rouge;jaune, (bleuissant), (rougissant);inodore;absent;-;absent;-;sous-bois, lisiere;8-11
Pseudoboletus parasiticus;mediocre;tubes;détachables;fibreuse;1-7;convexe;velouté, [craquelé];beige, brun;enroulé;décurrent;assez amples;jaune, rouge;brun;2-6;0.4-1;atténué, courbé;sublisse;concolore;jaune, brun;agréable;absent;-;absent;-;sclérodermes;9-11
Xerocomus badius;bon;tubes;détachables;fibreuse;4-12;convexe;sec, brillant, velouté;brun;lisse;adné;fins;jaune, bleuissant;brun;3-12;1-4;clavé;lisse, fibrilleux, ridé;jaune, orange;blanc, jaune, (bleuissant);inodore;absent;-;absent;-;feuillu, conifere;7-11
Boletus appendiculatus;bon;tubes;détachables;fibreuse;5-18;convexe;velouté, feutré, chagriné;brun;incurvée;adné;très fins;jaune;brun;5-15;1.5-5;cylindracé, clavé, atténué;réticulé;jaune;blanc, jaune;inodore;absent;-;absent;-;feuillu, hetre, chene;7-10
Boletus calopus;mediocre;tubes;détachables;fibreuse;5-15;convexe;velouté, feutré, [glabre];blanc, beige, [ocre];aigu;adné;fins;jaune, [vert];brun;5-12;1-4;clavé, élancé;réticulé;jaune, rouge;blanc, creme, bleuissant;inodore, fruit, vinaigre;absent;-;absent;-;feuillu, conifere;7-10
Boletus edulis;bon;tubes;détachables;fibreuse;5-25 [30];convexe;bosselé, rugueux;noisette;lisse;adné;fins;blanc, [jaune];brun;5-20;2-12;obèse, [cylindracé], [clavé];réticulé;blanc, ocre;blanc;inodore;absent;-;absent;-;feuillu, conifere, (lisiere);7-10
Boletus erythropus;comestible cuit;tubes;détachables;fibreuse;5-20;convexe;velouté;brun, pourpre;lisse;adné;fins;rouge, orange, jaune;brun;5-15;2-4;cylindracé, clavé;ponctué, granuleux;Rouge, jaune, brun;jaune, bleuissant;inodore;absent;-;absent;-;foret;7-11
Boletus luridus;toxique;tubes;détachables;fibreuse;5-20;convexe;mat, feutré;jaune, [ocre], [brun];lisse;adné;fins;jaune, orange, rouge;brun;5-15;1-4.5;obèse, [élancé];réticulé;jaune, brun, pourpre;jaune, rouge, bleuissant;inodore;absent;-;absent;-;feuillu, conifere, foret, parc;8-10
Boletus satanas;toxique;tubes;détachables;fibreuse;5-20;convexe;viscidule, [velouté];blanc, gris, [beige];lisse;adné;fins;jaune, [rouge];brun;6-15;5-12;obèse, [clavé];réticulé;jaune, rouge;blanc, jaune;nauséeuse;absent;-;absent;-;feuillu, taillis, pre, bois;7-10
Leccinum aurantiacum;bon;tubes;détachables;fibreuse;5-20;hémisphérique, [convexe];feutré;orange, rouge;excédente;adné;fins;blanc;brun;6-15;1.5-4;élancé, cylindracé;squameux;blanc, vert;blanc, gris;inodore;absent;-;absent;-;peuplier;8-11
Tylopilus felleus;mediocre;tubes;détachables;fibreuse;3-15;convexe;feutré;beige, brun;flexueux;échancré;assez amples;blanc, [rose];rose;5-15;1-5;cylindracé, clavé, ventru;réticulé;brun, ocre, beige;blanc;inodore;absent;-;absent;-;feuillu, conifere;8-11
Leccinum scabrum;bon;tubes;détachables;fibreuse;5-20;hémisphérique, [convexe];velouté;brun, ocre;aigu;adné;fins;creme, [beige], [ocre];brun;8-20;1.5-3;cylindracé, clavé;squameux;pale, gris;blanc, roussissant;inodore;absent;-;absent;-;bouleau;7-11
Leccinum carpini;bon;tubes;détachables;fibreuse;4-12;étalé;bosselé, ridé;brun;lisse;adné;fins;creme, jaune, [brun];brun;5-15;0.5-3;élancé, cylindracé;squameux;gris;pale, rose, violet, noircissant;inodore;absent;-;absent;-;charme;7-9
Leccinum crocipodium;bon;tubes;détachables;fibreuse;5-15;hémisphérique, [convexe];bosselé, [craquelé], [fissuré];brun, jaune, (brun);excédente;adné;fins;jaune, [beige];brun;5-15;1.5-4;ventru, fusiforme;squameux;jaune, ocre;jaune, rougissant, noir;inodore;absent;-;absent;-;chene;8-11
Coprinus plicatilis;mediocre;lames;déliquescentes;fibreuse;0.5-2.5;plat, campanulé;glabre;ocre, jaune, [beige], [gris];strié, crénelée;adné;peu serrées;gris, [noir];brun, noir;1-8;0.1-0.3;épaissi, bulbeux;glabre;translucide;gris;inodore;absent;-;absent;-;herbe;1-12
Coprinus micaceus;mediocre;lames;déliquescentes;fibreuse;1-5;globuleux, [campanulé], [étalé];floconneux;brun, ocre, fauve;strié;adné;très serrées;gris, brun, noir;brun, noir;3-10;0.2-0.5;cylindracé;pruineux, floconneux;blanc, creme;blanc, [brun];inodore;restes;floconneux;absent;-;souche de feuillu;1-12
Coprinus comatus;bon;lames;déliquescentes;fibreuse;2-6;ovoïde, cylindracé;méchuleux, fibrilleux;blanc, ocre, brun;chevelue;sublibre;très serrées;blanc, [rose], [noir];brun, noir;10-35;1-2;épaissi;fibreux;blanc;blanc;inodore;absent;-;anneau;membraneux;herbe, friche;1-12
Coprinus atramentarius;toxique;lames;déliquescentes;fibreuse;2-7;ovoïde, [conique], [convexe];lisse;gris;ondulé, strié;sublibre;très serrées;blanc, [brun], [noir];brun, noir;4-15;0.5-1.5;bourrelet;fibreux, squameux;blanc;blanc;inodore;absent;-;anneau;fugace;bois enterré;6-1
Psathyrella lacrymabunda;comestible;lames;pleureuses, [givrées];fibreuse;2-10;mamelonné;fibrilleux, pelucheux;brun, ocre, roux;appendiculé;adné;peu serrées;gris, [noir];brun, noir;4-12;0.7-2;cylindracé;fibrilleux, méchuleux;concolore;beige;inodore;absent;-;cortine;abondant;herbe, friche, parc;1-12
Psathyrella conopilus;mediocre;lames;givrées;fibreuse;1-6;campanulé, conique;lisse, ridé;brun, beige;strié;adné;serrées;beige, [brun], [pourpre];brun, noir;8-20;0.2-0.4;élancé, cylindracé;lisse;blanc;blanc, beige;inodore;absent;-;absent;-;herbe, friche, (lisiere), (sous-bois);6-12
Psathyrella candolleana;mediocre;lames;givrées;fibreuse;1-6;hémisphérique, [plat];floconneux, fibrilleux, glabre;blanc, ocre, brun;floconneux, fine, strié;adné;serrées;gris, [brun];brun, noir;2-10;0.2-0.5;cylindracé;fibrilleux, pruineux;blanc;blanc, creme;inodore;absent;-;voile;fugace;herbe, lisiere, foret;1-12
Psathyrella piluliformis;mediocre;lames;givrées;fibreuse;1-5;hémisphérique, [aplati];lisse, mat;brun, ocre;membraneuse;adné;assez serrées;brun;brun, noir;3-12;0.4-1;cylindracé;pruineux;blanc, brun;blanc, brun;inodore;absent;-;anneau;blanc, fragile;souche de feuillu, bois de feuillu;1-12
Rozites caperatus;bon;lames;épaisses, inégales;fibreuse;4-10;convexe, mamelonné;lisse, ridé;beige, ocre, jaune;lisse;adné;peu serrées;beige, brun;rouille;5-10;1-2;cylindracé, clavé;pruineux, floconneux, fibrilleux;blanc, [concolore];creme, jaune;agréable;absent;-;anneau;apprimé;foret;8-11
Hebeloma mesophaeum;toxique;lames;lamelles;fibreuse;1.5-6;conique, convexe, (mamelonné);viscidule, lubrifié;brun, beige;voilée;échancré;peu serrées;beige, gris, [brun];ocre;2-8;0.2-1;cylindracé;fibrilleux, guirlandé;creme, [brun], [noir];concolore, brun;chocolat;present;floconneux;cortine;abondant;bouleau, saules, feuillu, conifere, taillis;6-12
Hebeloma crustuliniforme;toxique;lames;pleureuses;fibreuse;3-7;mamelonné;givré, viscidule;brun, creme, ocre;lisse, festonné;échancré;serrées;beige, gris;ocre;2-8;0.5-2;clavé, bulbeux;pruineux, floconneux;blanc, concolore;pale;radis;absent;-;absent;-;feuillu, conifere;8-11
Hebeloma sinapizans;toxique;lames;lamelles;fibreuse;5-12;convexe, mamelonné;viscidule, givré;beige, fauve;lisse, festonné;échancré;assez serrées;beige, gris, [brun];ocre;5-12;0.8-1.5;clavé;squameux;creme, ocre;pale;radis;absent;-;absent;-;feuillu;8-11
Hebeloma radicosum;toxique;lames;lamelles;fibreuse;3-12;globuleux, [convexe], [étalé];visqueux, [méchuleux], [squameux];beige, ocre;lisse;échancré;assez serrées;beige, [brun], [roux];ocre;8-20;1-2.5;clavé, radicant;méchuleux, squameux;blanc, beige, ocre;concolore;amande amère;absent;-;armille & anneau;ample, membraneux, [dilacéré];feuillu, hetre, lisiere;8-12
Crepidotus mollis;mediocre;lames;inégales;fibreuse;2-10;bosselé, plat;gélatineux;beige, gris, brun;strié;adné;assez serrées;ocre, [brun];brun;0;0;nul;-;-;brun;inodore;absent;-;absent;-;bois de feuillu;7-12
Crepidotus variabilis;mediocre;lames;inégales;fibreuse;0.5-2;bosselé, plat;fibrilleux, soyeux;beige, ocre;lisse, ondulé, lobée;adné;assez serrées;creme, beige;brun;0;0;nul;-;-;blanc;inodore;absent;-;absent;-;bois mort;1-12
Galerina spp.;toxique;lames;givrées, ventrues, sinuées, inégales;fibreuse;0.5-4;conique, convexe, [convexe], [mamelonné];hygrophane, strié;beige, ocre;strié;adné;peu serrées;jaune, rouille,creme;brun;1-8;0.1-0.5;cylindracé;fibrilleux;concolore, brun;creme, ocre;farine, inodore;absent;-;absent, anneau;guirlandé, membraneux, fibrilleux;tourbe, herbe, mousse;4-12
Galerina marginata;Mortel;lames;givrées, inégales;fibreuse;1-7;hémisphérique, [convexe];hygrophane, strié, brillant;brun, roux;lisse;adné;assez serrées;jaune, ocre, [rouille];brun;2-7;0.2-0.7;cylindracé;pruineux, fibrilleux;brun, (noir);ocre;farine;absent;-;anneau;membraneux;bois de conifere, (bois de feuillu);6-12
Gymnopilus penetrans;mediocre;lames;givrées, inégales;fibreuse;2-6;convexe, aplati;subfibrilleux;jaune, roux;lisse, flexueux;adné;serrées;jaune, [rouille];brun;2-6;0.3-0.6;cylindracé, courbé;fibrilleux;jaune;blanc;inodore;absent;-;cortine;fugace;bois de conifere;1-12
Gymnopilus spectabilis;toxique;lames;givrées;fibreuse;5-12 [20];hémisphérique, (mamelonné);fibrilleux, squameux;roux, orange;flexueux;adné;assez serrées;ocre, jaune, [rouille];brun;5-15 [25];1-3 [5];cylindracé, fusiforme, clavé;fibrilleux;concolore, blanc;jaune;inodore;absent;-;anneau;infère, membraneux, apprimé;bois de feuillu;8-12
Tubaria furfuracea;mediocre;lames;givrées, arquées, inégales;fibreuse;0.5-2;aplati;glabre, fibrilleux;ocre, roux;strié;subdécurrent;assez serrées;roux, brun;brun;2-5;0.1-0.5;cylindracé;fibrilleux, soyeux;orange, brun;brun;inodore;absent;-;cortine;fibrilleux, floconneux;feuillu;5-12
Entoloma lividum;toxique;lames;horizontales;fibreuse;5-20;conique, convexe, [mamelonné];viscidule, [sec], lisse, ridé;creme, ocre, beige;lisse;adné, échancré;peu serrées;jaune;rose;4-18;1-4;cylindracé;fibrilleux, [glabre];blanc, creme;blanc;farine, acidulé, nauséeuse;absent;-;absent;-;feuillu;8-10
Entoloma rhodopolium;toxique;lames;lamelles;fibreuse;3-12;convexe, [plat], mamelonné;strié, soyeux, lisse;brun, gris, ocre;strié;échancré;peu serrées;blanc, [rose];rose;4-12;0.5-1.5;cylindracé;fibrilleux, strié, (torsadé);blanc, gris, beige;blanc;inodore;absent;-;absent;-;feuillu;8-11
Entoloma lividoalbum;toxique;lames;lamelles;fibreuse;3-10;conique, campanulé, [étalé], [mamelonné];lisse, flexueux, brillant;brun, jaune, gris;strié;échancré;peu serrées;blanc, [rose];rose;4-10;0.5-2;cylindracé;fibrilleux;blanc;blanc, subconcolore;concombre;absent;-;absent;-;feuillu;8-11
Entoloma euchroum;toxique;lames;sinuées, ventrues;fibreuse;1-4;convexe, mamelonné, [plat];velouté, fibrilleux, [squameux];bleu, violet;strié;libre;assez espacées;concolore;rose;2-6;0.2-0.5;courbé, (excentré);fibrilleux, strié, pruineux;concolore;concolore;aromatique, violette;absent;-;absent;-;souche, bois pourri;8-11
Entoloma hebes;toxique;lames;lamelles;fibreuse;0.5-3;conique, mamelonné;lisse, strié, (soyeux);brun, gris, beige;strié;sublibre;assez serrées;gris;rose;3-10;0.1-0.4;cylindracé;fibrilleux;gris, brun;blanc, subconcolore;farine, inodore;absent;-;absent;-;lisiere, taillis, feuillu;7-12
Entoloma undatum;mediocre;lames;lamelles;fibreuse;1-4;déprimé;soyeux, fibrilleux;brun, gris;enroulé, flexueux;décurrent;assez serrées;brun;rose;1-3;0.2-0.5;cylindracé, clavé;pruineux, glabre;subconcolore;blanc, concolore;farine;absent;-;absent;-;herbe, mousse, sable;7-11
Clitopilus prunulus;bon;lames;molles;fibreuse;3-10;déprimé, (mamelonné);mat, feutré;blanc, creme;lisse, cannelé;décurrent;assez serrées;blanc, [rose];rose;2-5;0.5-1;cylindracé;fibrilleux;concolore;blanc;farine, concombre;absent;-;absent;-;feuillu, conifere;8-12
Gomphidius roseus;mediocre;lames;épaisses;fibreuse;2-7;convexe;visqueux;rouge, [rose];enroulé, irrégulier;décurrent;espacées;blanc, [gris];brun, noir;2-6;0.5-1.5;atténué;fibrilleux, visqueux;blanc, brun;blanc;inodore;absent;-;anneau, bourrelet;fibrilleux;pin;7-11
Chroogomphus rutilus;mediocre;lames;épaisses;fibreuse;2-12;mamelonné;visqueux;brun, ocre, rouge;enroulé, lisse;décurrent;espacées;ocre, [brun];brun, noir;4-12;0.4-2;atténué;fibrilleux, chiné, visqueux;concolore;creme, jaune, ocre, orange, rougissant;inodore;absent;-;bourrelet;fibrilleux;pin a 2 aiguilles;7-1
Gomphidius glutinosus;bon;lames;épaisses;fibreuse;10;convexe;visqueux;brun, ocre;enroulé, lisse;décurrent;espacées;gris, [noir];brun, noir;8;2;atténué;visqueux;blanc, gris, jaune;jaune;inodore;absent;-;absent;-;epicea;7-11
Cuphophyllus pratensis;bon;lames;cireuses;fibreuse;2-6;aplati, mamelonné;sec, lisse, soyeux;orange;lisse, aigu;décurrent;espacées;creme, orange;blanc;2-6;0.5-1.5;cylindracé, clavé;lisse, fibrilleux;concolore;blanc;agréable;absent;-;absent;-;herbe;7-12
Cuphophyllus niveus;bon;lames;cireuses;fibreuse;1-5;convexe, aplati, déprimé;strié, lubrifié, brillant;blanc, creme;strié;décurrent;assez espacées;blanc, creme;blanc;2-7;0.2-1;cylindracé, atténué;lisse;blanc, creme;blanc;inodore;absent;-;absent;-;herbe;7-12
Hygrocybe punicea;bon;lames;cireuses;fibreuse;5-12;conico-convexe, [campanulé];viscidule;rouge;flexueux, découpée;adné;espacées;jaune, orange;blanc;6-12;1-3;cylindracé, atténué;fibrilleux, strié;rouge, orange;jaune, blanc;inodore;absent;-;absent;-;herbe;10-12
Hygrocybe coccinea;mediocre;lames;cireuses;fibreuse;2-6;convexe;visqueux, gras;rouge, orange;lisse;adné;espacées;jaune, orange;blanc;2-6;0.4-1;cylindracé, atténué;lisse;rouge;jaune, orange;inodore;absent;-;absent;-;herbe, clairière;8-1
Hygrocybe psittacina;mediocre;lames;cireuses;fibreuse;1-5;convexe, mamelonné;visqueux;vert;strié;échancré;espacées;vert;blanc;2-7;0.3-1;cylindracé, atténué;bosselé, visqueux;concolore;concolore;inodore;absent;-;absent;-;herbe, UBIQUISTE;8-12
Hygrocybe chlorophana;mediocre;lames;cireuses;fibreuse;2-6;convexe, plat;visqueux;jaune;flexueux;échancré;espacées;jaune, orange;blanc;4-6;0.4-0.8;cylindracé, atténué;visqueux;concolore;jaune;inodore;absent;-;absent;-;herbe;8-12
Hygrocybe conica;toxique;lames;cireuses;fibreuse;1-4;conique;visqueux;rouge;découpée;sublibre;espacées;jaune;blanc;2-6;0.2-0.5;élancé;lisse, fibrilleux;concolore, noircissant;jaune, noircissant;inodore;absent;-;absent;-;herbe, graminées;6-1
Hygrophorus penarius;bon;lames;cireuses;fibreuse;5-15;mamelonné;bosselé, feutré;blanc, creme;flexueux;décurrent;espacées;blanc, creme;blanc;3-10;0.5-1.5;atténué, fusiforme;glabre, poudré;blanc;blanc;inodore;absent;-;absent;-;feuillu;8-11
Hygrophorus russula;bon;lames;cireuses;fibreuse;5-15;convexe, déprimé;fibrilleux, lisse;blanc, rose, [brun], [pourpre];flexueux, cannelé;adné;serrées;blanc, rose, [rouge], [brun];blanc;4-12;1-3;cylindracé, trapu;glabre;concolore;rose;inodore;absent;-;absent;-;feuillu, chene;9-11
Hygrophorus agathosmus;mediocre;lames;cireuses;fibreuse;3-8;hémisphérique, [mamelonné];glabre, lisse, viscidule;gris;flexueux;adné, subdécurrent;espacées;blanc;blanc;5-8;1-1.5;cylindracé, clavé;granuleux, poudré;creme;blanc;amande;absent;-;absent;-;conifere;8-12
Hygrophorus eburneus;mediocre;lames;cireuses;fibreuse;2-8;convexe;visqueux;blanc;incurvée;décurrent;espacées;blanc, creme;blanc;5-12;0.3-1;cylindracé, atténué;visqueux, floconneux;blanc;blanc;agréable;absent;-;absent;-;feuillu, hetre;8-12
Hygrophorus lindtneri;mediocre;lames;cireuses;fibreuse;2-5;convexe, [mamelonné];visqueux;creme, ocre;flexueux;subdécurrent;espacées;creme, orange;blanc;5-10;0.3-1;atténué;visqueux;subconcolore;blanc;aromatique;absent;-;absent;-;taillis, feuillu, noisetier;9-12
Hygrophorus persoonii;bon;lames;cireuses;fibreuse;3-6;hémisphérique, [plat];visqueux;brun, roux;lisse;adné, subdécurrent;espacées;blanc;blanc;5-10;0.4-1;atténué;visqueux, chiné;brun, roux;blanc;inodore;absent;-;armille & anneau;guirlandé;feuillu;8-12
Hygrophorus hypothejus;mediocre;lames;cireuses;fibreuse;2-5;convexe, plat, [déprimé];visqueux;brun;flexueux;décurrent;espacées;creme, orange;blanc;4-8;0.4-1;cylindracé, atténué;visqueux;blanc, beige;blanc, jaune, orange;inodore;absent;-;anneau;visqueux;foret, taillis, conifere;11-2
Echinoderma asperum;toxique;lames;fourchues;fibreuse;5-12;mamelonné, plat;écailleux;brun;lisse;libre;très serrées;pale;blanc;5-12;0.3-1.5;cylindracé, clavé;fibrilleux, pelucheux;beige, brun;blanc;acidulé;absent;-;anneau;écailleux;sous-bois;8-12
Lepiota clypeolaria;Mortel;lames;givrées;fibreuse;2-6;conique, campanulé;squameux;brun, creme, blanc;appendiculé;libre;serrées;blanc;blanc;5-12;0.3-1;fusiforme;laineux, fibrilleux;blanc, creme;blanc, subconcolore;inodore;absent;-;anneau;floconneux, fragile;feuillu;8-12
Lepiota cristata ;toxique;lames;érodée;fibreuse;1-4;campanulé, [mamelonné];squameux;brun, ocre;lisse, strié;libre;assez serrées;blanc;blanc;2-6;0.2-0.7;cylindracé;fibrilleux;creme, brun;blanc;vireuse, acidulé;absent;-;anneau;ascendant, ample, fragile;foret, lisiere, taillis;6-1
Lepiota josserandii;Mortel;lames;lamelles;fibreuse;1-4;globuleux, [plat];fibrilleux, squameux;ocre, rose, beige;lisse;libre;peu serrées;blanc;blanc;3-5;0.3-0.7;cylindracé;squameux;blanc, concolore;blanc, rose;mandarine, fruit;absent;-;armille & anneau;floconneux, laineux;taillis, parc, jardin;8-11
Lepiota brunneoincarnata;Mortel;lames;inégales;fibreuse;2-6;hémisphérique, [plat];fibrilleux, squameux;brun, noir;lisse, flexueux;libre;assez serrées;pale;blanc;2-5;0.4-1.2;trapu;écailleux;blanc, concolore;blanc, rouge;mandarine;absent;-;armille & anneau;guirlandé, spiralé;lisiere, dune;8-12
Macrolepiota procera;bon;lames;ventrues;fibreuse;8-40;convexe, mamelonné, [étalé];squameux;beige, brun;appendiculé, excédente, lisse;libre;assez serrées;blanc;blanc;10-40;1-2 [4];bulbeux, clavé;feutré, chiné;brun;creme, beige, rose;inodore;absent;-;anneau;épais, complexe, coulissant;feuillu, lisiere, herbe;8-11
Macrolepiota rhacodes;bon;lames;ventrues;fibreuse;5-15;globuleux, [hémisphérique];écailleux;brun, beige, creme;appendiculé, excédente, lisse;libre;serrées;creme, beige;blanc;6-15;1-1.5 [2.5];clavé;lisse, fibrilleux;blanc, beige, rougissant;blanc, subconcolore;inodore;absent;-;anneau;épais, complexe, coulissant;conifere, epicea;8-12
Collybia butyracea;toxique;lames;fourchues;fibreuse;3-6;mamelonné;lisse, lubrifié, hygrophane;brun, rouge;lisse;échancré;serrées;blanc;blanc;4-8;0.5-1.5;cylindracé, clavé;lisse, strié;subconcolore;roux, [blanc];beurre rance;absent;-;absent;-;foret;7-11
Collybia maculata;toxique;lames;denté;fibreuse;4-12;convexe, étalé;soyeux, taché;blanc;flexueux;adné, échancré;très serrées;blanc;blanc;7-15;0.5-3;cylindracé, fusiforme;fibrilleux, pruineux;blanc, creme;blanc, creme;inodore;absent;-;absent;-;foret, conifere;8-11
Collybia dryophila;mediocre;lames;inégales;fibreuse;1-6;plan, convexe;hygrophane, lisse;ocre, orange, creme;flexueux, lisse;échancré;assez serrées;blanc;blanc;3-6;0.2-0.5;cylindracé;lisse, brillant;concolore;blanc;agréable;absent;-;absent;-;foret;4-12
Marasmius androsaceus;mediocre;lames;lamelles;fibreuse;0.2-1;aplati;ridé, hygrophane;brun;festonné;échancré;peu serrées, espacées;pale, [brun];blanc;2-6;0.3-1;cylindracé, torsadé;lisse, brillant;brun, noir;brun;inodore;absent;-;absent;-;conifere;5-12
Marasmius rotula;mediocre;lames;collariées;fibreuse;0.5-1.5;globuleux, [parachute];ridé, pectiné;blanc;festonné;collariées;espacées;blanc;blanc;2-7;0.1-0.4;filiforme;lisse, brillant;noir;blanc;inodore;absent;-;absent;-;debris;6-11
Marasmius alliaceus;mediocre;lames;lamelles;fibreuse;1-4;conique, convexe, [mamelonné];pruineux, hygrophane;gris, brun;lisse;adné;assez serrées;creme;blanc;5-15;0.1-0.3;cylindracé;pruineux;brun, noir;blanc;ail;absent;-;absent;-;hetre;6-11
Marasmius oreades;bon;lames;lamelles;fibreuse;1-7;conique, convexe, [mamelonné];hygrophane, lisse, ridé;ocre;ondulé;échancré;peu serrées;creme;blanc;4-8;0.3-0.6;cylindracé;coriace;creme, ocre;blanc;cyanique;absent;-;absent;-;herbe;1-12
Mycena galericulata;mediocre;lames;sinuées, veinées;fibreuse;1-6;cloche, convexe, [conique];viscidule, [sec], lisse, [ridé];blanc, gris, brun;flexueux;adné;assez espacées;blanc, [rose];blanc;4-10;0.2-0.5;cylindracé;lisse, glabre;concolore;blanc, subconcolore;inodore, farine;absent;-;absent;-;souche, bois pourri;1-12
Mycena inclinata;mediocre;lames;sinuées;fibreuse;1-4;conique, convexe, mamelonné;viscidule, lisse, ridé;gris, ocre;strié, (denté);adné;assez serrées;blanc;blanc;4-12;0.2-0.5;cylindracé;brillant;beige, orange;blanc, subconcolore;suif, bougie;absent;-;absent;-;souche;8-12
Mycena polygramma;mediocre;lames;ventrues;fibreuse;1-5;cloche,  [étalé];lisse, strié, pruineux;gris, brun;denté;échancré;assez serrées;blanc, creme, (rose);blanc;5-20;0.2-0.3;cylindracé;strié, laineux;gris;blanc, subconcolore;inodore;absent;-;absent;-;feuillu, souche;1-12
Mycena rosea;toxique;lames;horizontales;fibreuse;3-7;cloche, mamelonné;ridé, hygrophane;rose;strié;échancré;assez espacées;rose;blanc;5-10;0.5-1;cylindracé;glabre;subconcolore;blanc, subconcolore;radis;absent;-;absent;-;feuillu;9-12
Mycena pura;toxique;lames;lamelles;fibreuse;1-4;hémisphérique, [convexe];hygrophane;rose, bleu;strié;adné;peu serrées;blanc;blanc;3-8;0.2-0.6;cylindracé;lisse, mat, feutré;concolore;gris;radis, pomme de terre;absent;-;absent;-;foret;6-12
Mycena pelianthina;toxique;lames;horizontales;fibreuse;2-5;hémisphérique, [plat], [mamelonné];lisse, ridé, hygrophane;brun, violet, gris;strié;échancré;espacées;violet;blanc;3-8;0.4-1;cylindracé;lisse;gris, rose, violet;blanc, subconcolore;radis;absent;-;absent;-;hetre;8-12
Mycena galopus;mediocre;lames;sinuées;fibreuse;0.5-2;campanulé;lisse, ridé;brun;strié;adné;assez serrées;blanc, creme;blanc;4-8;0.1-0.3;cylindracé;lisse, (laineux);beige, gris;blanc, subconcolore;inodore;absent;-;absent;-;foret, debris;6-1
Mycena haematopus;non comestible;lames;sinuées;fibreuse;1-3;conique, [convexe], mamelonné;pruineux, mat;brun, beige, rose;appendiculé, denté, [strié];adné;assez serrées;blanc, rose;blanc;3-7;0.2-0.3;cylindracé;pruineux;brun, pourpre;blanc, subconcolore;inodore;absent;-;absent;-;feuillu, bois;7-12
Mycena sanguinolenta;non comestible;lames;lamelles, sinuées;fibreuse;0.5-1 [1.5];conique, convexe;lisse;brun, rouge, pourpre;strié;adné;assez serrées;blanc, rose, rouge;blanc;3-8;0.1-0.2;cylindracé;pruineux, glabre;subconcolore;brun;inodore;absent;-;absent;-;foret, debris;7-12
Mycena crocata;mediocre;lames;sinuées;fibreuse;0.8-2;conique, campanulé, [étalé];strié;beige, gris, brun;strié;adné;assez serrées;blanc;blanc;5-10;0.1-0.3;cylindracé;fibrilleux;concolore, beige, roux;blanc, subconcolore;inodore;absent;-;absent;-;hetre;8-11
Mycena epipterygia;mediocre;lames;ventrues;fibreuse;0.5-2;conique, campanulé;gélatineux;ocre, brun;strié;adné;assez serrées;blanc, [jaune], [rose];blanc;4-8;0.1-0.2;cylindracé;visqueux;jaune, [blanc];blanc, subconcolore;inodore;absent;-;absent;-;lisiere, foret, herbe, mousse;7-12
Pluteus cervinus;mediocre;lames;inégales;fibreuse;2-15;globuleux, [convexe], mamelonné;lisse, ridé, fibrilleux, squameux, vergeté;brun;lisse;libre;serrées, très serrées;blanc;rose;3-15;0.3-3;subbulbeux;fibrilleux;blanc, brun;blanc;radis;absent;-;absent;-;bois de feuillu;4-12
Pluteus salicinus;toxique;lames;inégales;fibreuse;2-8;globuleux, [convexe], mamelonné;lisse, fibrilleux, (squameux);vert;lisse;libre;serrées;blanc;rose;3-10;0.3-0.8;subbulbeux;glabre, fibrilleux;blanc;blanc;inodore;absent;-;absent;-;bois de feuillu;4-12
Pluteus leoninus;mediocre;lames;inégales;fibreuse;1.5-6;conique, convexe, [mamelonné];fibrilleux, méchuleux;jaune, [ocre];strié;libre;serrées;jaune, [orange];rose;4-8;0.2-0.7;subbulbeux, cylindracé;fibrilleux, strié;blanc, creme;blanc, jaune, ocre;inodore;absent;-;absent;-;bois de feuillu, debris;6-11
Russula grisea;bon;lames;-;cassante sans lait;10;convexe, [déprimé];glabre;gris, violet;obtuse, [droite];adné;assez serrées;creme, ocre;creme;8;3;atténué;veiné;blanc;violet;inodore;absent;-;absent;-;feuillu;6-11
Russula xerampelina;comestible;lames;fourchues;cassante sans lait;6-15;convexe, [déprimé];viscidule, [mat];rouge, pourpre;obtuse, [droite];adné;assez serrées;creme, [ocre];ocre;4-10;1.5-3;cylindracé;pruineux;rose, rouge;brunissant;crustacé;absent;-;absent;-;conifere, pin;7-12
Russula versicolor;non comestible;lames;-;cassante sans lait;3-6;convexe, [déprimé];viscidule;rouge, pourpre;cannelé;adné, sublibre;peu serrées;creme, [ocre];creme;3-6;0.5-1;cylindracé;lisse;blanc, jaune;blanc, jaunissant;fruit;absent;-;absent;-;bouleau;6-10
Russula romellii;non comestible;lames;-;cassante sans lait;5-14;convexe, [déprimé];chagriné, brillant;rouge, violet;cannelé;adné;peu serrées;creme, [jaune];jaune;4-9;1-4;cylindracé;ridé;blanc;blanc, jaune;fruit;absent;-;absent;-;feuillu, hetre;7-10
Russula acetolens;mediocre;lames;-;cassante sans lait;1-5;convexe, [déprimé];visqueux, collant;jaune;droite, [cannelé], [pectinée];adné, sublibre;peu serrées;creme, [jaune];jaune;2-5;0.1-1;cylindracé;lisse;blanc, creme;blanc;vinaigre, moutarde;absent;-;absent;-;foret, feuillu;6-11
Russula silvestris;toxique;lames;-;cassante sans lait;6;convexe, [étalé], [déprimé];viscidule, lisse;rouge;obtuse,  [cannelé];adné;peu serrées;blanc;blanc;6;1.2;cylindracé;sublisse;blanc;blanc, rose;coco;absent;-;absent;-;feuillu;6-9
Russula knauthii;non comestible;lames;-;cassante sans lait;1-6;déprimé;viscidule, [brillant];rouge, noir;cannelé;adné;peu serrées, espacées;blanc;blanc;2-5;0.5-1;cylindracé;veiné;blanc, [jaune];blanc;coco, géranium;absent;-;absent;-;feuillu, conifere;7-11
Russula cuprea;non comestible;lames;-;cassante sans lait;3-8;convexe, [étalé], [déprimé];cocardé;orange, violet, rose, gris;cannelé;adné, sublibre;assez serrées;creme, [ocre];jaune;3-7;0.5-2;cylindracé;ridé;blanc;blanc, gris;inodore;absent;-;absent;-;feuillu, hetre;6-12
Pholiota squarrosa;mediocre;lames;givrées;fibreuse;3-15;convexe, [mamelonné];écailleux;brun;enroulé, [étalé], appendiculé;subdécurrent;peu serrées;jaune, [brun];brun;5-15;2;cylindracé, atténué;écailleux;concolore;jaune;inodore;absent;-;armille & anneau;écailleux, membraneux, fibrilleux;souche de feuillu, bois de feuillu;8-11
Pholiota curvipes;mediocre;lames;givrées;fibreuse;3;hémisphérique, convexe;fibrilleux, squameux;ocre, jaune, rouille;enroulé, [étalé], appendiculé;adné;assez serrées;beige, ocre, rouille;brun;3;0.4;courbé;fibrilleux, squameux;concolore, rouge;jaune, ocre, orange;inodore;absent;-;cortine, anneau;fugace;bois de feuillu;7-12
Pholiota lenta;mediocre;lames;givrées;fibreuse;3-10;hémisphérique, [aplati];visqueux, floconneux;beige, ocre;enroulé, [étalé], appendiculé;adné;serrées;beige, jaune;brun;3-10;0.5-1;cylindracé, clavé;floconneux;blanc, beige;pale;inodore;present;floconneux;armille & cortine;fibrilleux, pelucheux;debris;8-11
Stropharia caerulea;toxique;lames;lamelles;fibreuse;2-8;convexe, plat;visqueux, [brillant];bleu, vert;fibrilleux, floconneux;adné;assez serrées;ocre, [pourpre];violet, brun;4-10;0.3-1;cylindracé;fibrilleux, floconneux;concolore;bleu, ocre;inodore, herbe;present;fibrilleux, floconneux;armille & cortine;fugace;rudéral, humus;7-12
Stropharia aeruginosa;toxique;lames;lamelles;fibreuse;2-7;convexe, plat;floconneux, visqueux;bleu, vert;fibrilleux, floconneux;adné;assez serrées;ocre, pourpre, noir;violet, brun;4-10;0.3-1;cylindracé;floconneux;blanc, bleu, vert;blanc, bleu;herbe;present;fibrilleux, floconneux;armille & cortine;ample, fragile;foret, lisiere, parc;7-12
Stropharia pseudocyanea;mediocre;lames;lamelles;fibreuse;1-4;convexe, plat;visqueux;bleu, blanc, jaune;fibrilleux, floconneux;adné;assez serrées;blanc, beige, [brun];violet, brun;4-8;0.2-0.5;cylindracé;fibrilleux, chiné;blanc, bleu, ocre;bleu;poivre;absent;-;armille & cortine;fibrilleux, fugace;herbe, dune, lisiere, graminées;7-12
Stropharia coronilla;toxique;lames;lamelles;fibreuse;2-5;subglobuleux, [aplati];lisse, rugueux, viscidule, gras;jaune, ocre;incurvée;échancré;peu serrées;beige, [gris], [pourpre];violet, brun;5;1;cylindracé;lisse;blanc;blanc;radis;absent;-;anneau;membraneux;herbe, parc;7-12
Clitocybe clavipes;toxique;lames;inégales;fibreuse;3-8;mamelonné, déprimé;mat;beige, brun;flexueux;décurrent;serrées;creme, jaune;blanc;4-7;0.5-1.5;clavé;sublisse;concolore;blanc;cyanique;absent;-;absent;-;foret;9-11
Clitocybe gibba;bon;lames;inégales;fibreuse;2-6;entonnoir, mamelonné;mat, feutré;ocre, beige;fine, flexueux;décurrent;serrées;blanc;blanc;2-5;0.3-1;cylindracé;velouté;beige;blanc;cyanique;absent;-;absent;-;foret;7-12
Clitocybe nebularis;comestible;lames;détachables;fibreuse;6-18;mamelonné, déprimé;glabre, subfibrilleux;beige, gris;cannelé;décurrent;serrées;blanc, creme;blanc;5-12;1-4;clavé;fibrilleux;creme, gris, blanc;blanc;polypore;absent;-;absent;-;feuillu;9-12
Clitocybe dealbata;toxique;lames;inégales;fibreuse;1-4;plan, convexe;givré, glabre;blanc, beige;flexueux;adné;assez serrées;blanc;blanc;2-4;0.2-0.5;clavé;pruineux;concolore;creme, ocre;farine, spermatique;absent;-;absent;-;herbe;6-12
Clitocybe odora;toxique;lames;lamelles;fibreuse;2-8;convexe;pruineux, givré, glabre, ridé;vert;lisse;décurrent;serrées;blanc, vert;blanc;3-5;0.4-1;cylindracé;pruineux, fibrilleux;concolore;pale;anis;absent;-;absent;-;feuillu;8-12
Clitocybe phyllophila;toxique;lames;inégales;fibreuse;3-10;convexe, déprimé;givré, glabre;blanc, beige, ocre;cannelé, lobée;décurrent, adné;assez serrées;blanc;blanc;4-10;0.5-1.5;cylindracé, fusiforme;cotonneux;blanc;subconcolore;farine, spermatique, aromatique;absent;-;absent;-;feuillu;8-12
Lepista inversa;bon;lames;détachables;fibreuse;4-10;déprimé;hygrophane;brun, fauve;obtuse, [cotelée];décurrent;serrées;subconcolore;rose;2-5;0.4-0.8;cylindracé;fibrilleux;subconcolore;pale, subconcolore;acidulé;absent;-;absent;-;conifere;8-12
Lepista panaeolus;bon;lames;détachables;fibreuse;4-12;convexe;flexueux, pruineux;beige;guttules;adné;serrées;beige, rose;rose;3-6;1-2;cylindracé;pruineux, feutré;blanc;pale;fruit;absent;-;absent;-;herbe;8-11
Lepista nuda;bon;lames;détachables;fibreuse;5-15;convexe, [étalé], [mamelonné];glabre, pruineux;violet, brun;épaisse;échancré;assez serrées;violet, rose;ocre, rose;5-10;1-2.5;cylindracé;pruineux;concolore;violet;fruit;absent;-;absent;-;foret, taillis;9-12
Lepista sordida;bon;lames;détachables;fibreuse;2-10;convexe, (plat), (déprimé), (mamelonné);hygrophane, glabre;violet, brun;strié;échancré;peu serrées;rose;ocre, rose;2-5;0.3-0.5;cylindracé;strié, fibrilleux, (pruineux);concolore;concolore;inodore;absent;-;absent;-;rudéral;7-12
Lepista personata;bon;lames;détachables;fibreuse;5-12;convexe, [étalé], [mamelonné];glabre, pruineux;beige, gris;enroulé, flexueux;échancré;assez serrées;beige, rose;ocre, rose;5-10;1-3;cylindracé;fibrilleux, pruineux;violet;pale;fruit, farine, spermatique;absent;-;absent;-;feuillu, conifere;9-12
Tricholoma cingulatum;comestible;lames;horizontales, lamelles;fibreuse;3-5;hémisphérique, convexe, mamelonné;squameux, feutré;gris, brun;fibrilleux;échancré;peu serrées;blanc;blanc;4-6;0.5-1;cylindracé;cotonneux;blanc;subconcolore;farine;absent;-;anneau;cotonneux;saules;8-12
Tricholoma populinum;bon;lames;horizontales;fibreuse;15;convexe, [mamelonné];viscidule, visqueux;brun, rose;enroulé;échancré;assez espacées;creme, rose;blanc;12;3;trapu;pruineux;blanc;blanc;concombre, pastèque;absent;-;absent;-;foret, peuplier;9-12
Russula decipiens;mediocre;lames;-;cassante sans lait;10;convexe, [étalé], [déprimé];mat, chagriné;rose;lisse;adné, subdécurrent;serrées;jaune;jaune;10;2.5;cylindracé;sublisse;blanc, grisonnant;blanc, grisonnant;fruit;absent;-;absent;-;feuillu;7-10
Russula melliolens;mediocre;lames;-;cassante sans lait;10;convexe, [étalé], [déprimé];brillant;rouge;obtuse, [droite];adné, subdécurrent;peu serrées;creme, [ocre];creme;10;3;cylindracé;bosselé;brun, creme;jaunissant;miel;absent;-;absent;-;feuillu, (conifere);7-11
Entoloma griseocyaneum;toxique;lames;lamelles;fibreuse;2-3;campanulé, mamelonné;fibrilleux, laineux;beige, brun;lisse;adné, échancré;espacées;blanc, creme;rose;4-10;0.3-0.7;cylindracé;fibrilleux;gris, bleu;blanc;inodore;absent;-;absent;-;herbe;7-11
Entoloma nidorosum;toxique;lames;lamelles;fibreuse;3-12;convexe, [plat], mamelonné;strié, soyeux, lisse;brun, gris, ocre;strié;échancré;peu serrées;blanc, [rose];rose;4-12;0.5-1.5;cylindracé;fibrilleux, strié, (torsadé);blanc, gris, beige;blanc;nitreuse, (acidulé);absent;-;absent;-;feuillu;8-11
Entoloma nitidum;toxique;lames;lamelles;fibreuse;2-5;mamelonné;lisse, fibrilleux, vergeté;gris, bleu;lisse;adné, échancré;peu serrées;blanc;rose;9;0.5;cylindracé;torsadé;gris, bleu;gris, bleu;inodore;absent;-;absent;-;foret, conifere;7-11
Hebeloma sacchariolens;toxique;lames;lamelles;fibreuse;4;convexe, aplati, mamelonné;visqueux, glacé;ocre, creme;lisse;adné;peu serrées;beige, ocre;ocre;5;0.5;cylindracé;fibrilleux, pruineux;concolore;blanc;désinfectant, fleur d’oranger;absent;-;absent;-;feuillu, ornières;8-12
Inocybe xanthocephala;toxique;lames;épaisses;fibreuse;5;conique, mamelonné;fibrilleux, vergeté;jaune, roux;denté;adné;assez serrées;jaune;brun;6;0.5;cylindracé;sublisse;jaune, rouille;blanc;inodore, spermatique;absent;-;cortine;fugace;mares, saules, feuillu;6-11
Cortinarius decipiens;non comestible;lames;lamelles;fibreuse;4;campanulé, [convexe], mamelonné;sec;brun;fibrilleux;échancré;peu serrées;beige, ocre;rouille;6;0.3;cylindracé;fibrilleux;gris, brun;brun;inodore;absent;-;cortine;blanc;feuillu;8-11
Cortinarius duracinus;non comestible;lames;denté;fibreuse;10;conique, [convexe], mamelonné;lisse, fibrilleux, ridé, hygrophane;brun, roux, beige;lisse;échancré;assez espacées;beige;rouille;15;2;radicant;fibrilleux, rayé;blanc;blanc;iode, fruit;absent;-;cortine;fugace;foret;8-11
Cortinarius largus;non comestible;lames;inégales;fibreuse;12;plan, convexe;viscidule, fibrilleux;rose, violet, [ocre], [brun];enroulé;adné, échancré;serrées;rose, violet, [rouille];rouille;13;2 [3];bulbeux, cylindracé;fibrilleux;gris, rose, violet;bleu, violet;inodore, terre;absent;-;cortine;blanc, rose, violet;feuillu, hetre;8-11
Cortinarius multiformis;non comestible;lames;lamelles;fibreuse;10;convexe;visqueux;ocre, orange, jaune;lisse, enroulé;échancré;serrées;blanc, [rouille];rouille;10;2 [3];bulbeux;fibrilleux;blanc, ocre;blanc, creme;miel;absent;-;cortine;blanc, rouille;feuillu, conifere;8-11
Cortinarius obtusus;non comestible;lames;denté;fibreuse;2-4;campanulé, mamelonné, convexe;strié, hygrophane;fauve, ocre;fibrilleux;échancré;assez serrées;creme, brun;rouille;3-8;0.2-0.5;cylindracé, fusiforme;fibrilleux;creme;jaune, brun;iode;absent;-;cortine;jaune;conifere;8-11
Cortinarius salicis;non comestible;lames;denté;fibreuse;3-8;mamelonné;fibrilleux, visqueux, hygrophane;gris, brun;membraneuse;échancré;assez serrées;jaune, brun;rouille;4-10;0.5-1.2;cylindracé, clavé;fibrilleux;violet, bleu, rose;blanc, violet;epice;absent;-;cortine;violet;saules;8-11
Cortinarius saturninus;non comestible;lames;denté;fibreuse;3-8;mamelonné;fibrilleux, visqueux, hygrophane;brun, gris;membraneuse;échancré;assez serrées;violet;rouille;4-10;0.5-1.2;cylindracé, clavé;fibrilleux;violet, bleu, rose;blanc, brun;epice;absent;-;cortine;blanc;conifere;8-11
Cortinarius semisanguineus;toxique;lames;lamelles;fibreuse;2-8;campanulé, mamelonné;fibrilleux;brun, jaune;enroulé;échancré;serrées;rouge, [rouille];rouille;10;1;cylindracé;fibrilleux;jaune, rouge;jaune;radis;absent;-;cortine;jaune;conifere, (feuillu);8-11
Cortinarius venetus;toxique;lames;lamelles;fibreuse;10;convexe, mamelonné;cotoneux, méchuleux;brun, jaune;enroulé;échancré;peu serrées;jaune, [rouille];rouille;10;2 [3];cylindracé, clavé;fibrilleux;jaune, concolore;brun;radis;absent;-;cortine;jaune;feuillu;8-11
Agaricus comtulus;toxique;lames;-;fibreuse;3;convexe;soyeux;blanc, creme;fibrilleux;libre;serrées;rose, [brun];brun, noir;3;0.5;cylindracé;lisse;blanc;blanc;anis;absent;-;anneau;fugace;herbe;8-10
Lactarius azonites;mediocre;lames;fourchues;cassante avec lait;10;convexe, [déprimé];velouté;brun, gris;obtuse, [droite];adné, subdécurrent;assez serrées;ocre, saumon;creme;7;1.5;farci;sublisse;subconcolore;blanc, rosissant, orangisant;fruit, coco;absent;-;absent;-;charme, hetre;8-11
Lactarius helvus;toxique;lames;fourchues;cassante avec lait;15;convexe, [déprimé];feutré;beige, ocre, (rouge), (jaune);obtuse, [droite];adné, subdécurrent;serrées;creme, [ocre], [rose];creme;10;3;farci;glabre, pruineux;subconcolore;concolore;chicorée;absent;-;absent;-;conifere, (bouleau);8-11
Hygrophorus nemoreus;bon;lames;cireuses;fibreuse;12;convexe, [aplati];glabre, lisse;ocre;flexueux;décurrent;espacées;blanc, creme;blanc;7;1.5;cylindracé, atténué;poudré;ocre;blanc, pale;farine;absent;-;absent;-;feuillu;8-10
Tricholoma frondosae;Mortel;lames;horizontales, lamelles;fibreuse;10;convexe, mamelonné;squameux, visqueux, brillant;jaune;lisse;échancré;serrées;jaune;blanc;10;1;cylindracé;lisse;jaune;jaune;farine, savon;absent;-;absent;-;peuplier;9-11
Tricholoma inocybeoides;bon;lames;horizontales;fibreuse;5;mamelonné;fibrilleux;gris;flexueux;échancré;serrées;blanc;blanc;3-6;0.5-1;cylindracé;fibrilleux;blanc, gris;blanc, jaunissant;farine;absent;-;absent;-;taillis, peuplier, bouleau;8-12
Collybia erythropus;mediocre;lames;inégales, sinuées;fibreuse;5;plan, convexe;lisse;ocre, brun;strié;échancré;assez serrées;blanc, creme;blanc;6;0.5;cylindracé;lisse, [torsadé];brun, rouge;blanc, roux;inodore, chou;absent;-;absent;-;souche de feuillu;6-12
Agrocybe rivulosa;mediocre;lames;inégales;fibreuse;12;convexe;ridé, craquelé;creme;lisse;libre;peu serrées;gris, [brun];brun;12;2;cylindracé, clavé;lisse;blanc, beige;blanc;farine;absent;-;anneau;supère;paillis, compost, debris;6-10
Craterellus sinuosus;comestible;lisse;plis;cassante sans lait;6;déprimé;fibrilleux, squameux;brun;sinueux;-;-;gris;blanc;3;0.5;cylindracé;lisse;creme;blanc;inodore, fruit;absent;-;absent;-;lande, foret;6-11
Craterellus tubaeformis;bon;lisse;plis;cassante sans lait;6;déprimé;fibrilleux, squameux;gris, ocre;flexueux;-;-;jaune;ocre;6;1;cylindracé;lisse;jaune;jaune;inodore;absent;-;absent;-;foret;6-11
Macrolepiota excoriata;bon;lames;ventrues;fibreuse;10;campanulé, convexe;feutré, squameux;beige, ocre;appendiculé, excédente, lisse;libre;assez serrées;blanc;blanc;10;1 [1.5];clavé;pruineux, feutré;beige, blanc;blanc, subconcolore;inodore;absent;-;anneau;simple;herbe, foret;8-11
Macrolepiota venenata;toxique;lames;ventrues;fibreuse;15;convexe, aplati;écailleux;creme, brun;appendiculé, excédente, lisse;libre;assez serrées;blanc;blanc;15;1.5 [2.5];clavé;lisse, fibrilleux;blanc, brun;blanc, rougissant;inodore;absent;-;anneau;complexe;foret, conifere;8-12
Pholiota aurivella;mediocre;lames;givrées;fibreuse;15;convexe;écailleux, visqueux;jaune;enroulé, [étalé], appendiculé;échancré;peu serrées;ocre, [brun];brun;15;2.5;cylindracé;écailleux, visqueux;blanc, jaune;pale;inodore;absent;-;armille & anneau;fibrilleux;bois de feuillu, bois de hetre;8-11
Pholiota gummosa;mediocre;lames;givrées;fibreuse;8;convexe;écailleux;beige, brun, jaune;enroulé, [étalé], appendiculé;subdécurrent;peu serrées;jaune, [brun];brun;10;1;cylindracé;squameux;concolore;blanc, jaune, brun;inodore;absent;-;anneau;fugace;debris;8-11
Postia stiptica;mediocre;tubes;non détachables;spongieuse;1-5;hémicirculaire;hérissé, pubescent, réticulé;blanc;fine;-;fins;blanc;blanc;0;0;nul;-;-;blanc;astringente;absent;-;absent;-;bois de conifere;8-12
Stropharia inuncta;mediocre;lames;lamelles;fibreuse;5;campanulé;visqueux;gris;droite;adné;peu serrées;blanc, [brun];violet, brun;8;0.5;atténué;fibrilleux, moiré;blanc, creme;blanc;herbe;absent;-;cortine;fugace;herbe, lande, route;7-12
